id,cloth_category,cloth_subcategory,patron,sleeve,skirt,neckline,material,fit,isCold,isRainy,isWet,isTempered,isHot,nota
17,3,6,6,1,3,4,3,2,0,0,0,1,1,4
19,6,1,6,3,3,4,1,3,0,0,0,1,1,4
27,1,5,4,1,2,2,3,3,0,0,0,1,0,1
33,1,1,2,1,3,1,3,3,1,0,0,1,0,3
42,6,2,4,3,3,4,4,3,0,0,0,1,1,5
51,1,6,2,2,3,1,3,3,0,0,0,1,0,3
61,6,3,6,3,3,4,3,3,1,1,0,1,1,4
69,6,4,6,3,3,4,3,3,0,0,1,1,0,4
75,2,5,3,2,3,1,2,3,1,0,0,0,0,1
84,2,2,6,2,3,1,6,3,0,0,0,1,0,4
102,2,1,6,1,3,1,1,3,1,0,1,1,1,5
112,1,6,6,3,3,4,3,1,0,0,0,1,1,3
116,3,3,6,1,3,1,5,3,1,0,0,1,0,5
128,6,2,7,3,3,4,3,3,0,0,0,1,1,2
131,6,4,6,3,3,4,1,3,0,0,1,1,1,5
145,1,6,2,2,3,1,2,3,0,0,0,1,1,4
154,1,6,1,2,3,1,3,3,0,0,0,1,1,5
170,6,4,6,3,3,4,3,3,0,0,0,1,1,4
181,3,3,6,1,3,2,4,3,1,1,0,1,0,5
182,6,4,6,3,3,4,1,3,0,0,0,0,1,3
188,2,5,6,1,3,4,6,3,0,0,0,1,1,5
191,6,1,2,3,3,4,1,3,0,0,0,1,1,5
215,3,3,6,1,3,2,3,3,1,1,0,0,0,3
217,2,5,6,1,3,1,6,3,1,0,0,1,0,4
220,1,6,6,2,3,1,3,3,0,0,0,1,1,4
230,6,2,6,3,3,4,3,3,0,0,0,1,1,3
238,6,4,6,3,3,4,3,3,0,0,0,0,1,5
241,3,3,6,1,3,1,3,3,1,0,1,0,0,3
259,6,1,2,1,3,2,2,3,0,0,0,1,0,4
265,2,1,6,1,3,4,3,3,1,0,0,1,0,4
266,1,5,6,3,3,4,3,1,0,0,0,1,1,5
290,3,3,6,1,3,2,3,3,1,0,0,1,0,4
310,2,1,6,1,3,2,3,3,0,0,0,1,1,3
311,6,5,6,3,3,4,3,3,1,0,1,1,0,3
317,6,6,6,3,3,4,3,1,0,0,0,0,1,1
332,1,5,6,2,3,1,3,3,0,0,0,1,1,3
333,6,4,1,3,3,4,3,3,0,0,0,1,1,5
344,6,4,6,3,3,4,3,3,0,0,0,1,1,4
350,2,5,6,2,3,1,6,2,1,1,1,0,0,4
379,6,4,6,3,3,4,3,3,0,0,0,0,1,5
394,1,1,6,2,3,1,2,3,0,0,0,1,1,5
403,2,2,6,3,1,4,2,3,0,0,0,1,1,2
405,1,1,1,1,3,1,3,3,0,0,0,1,1,1
426,1,6,6,2,3,1,3,3,0,0,1,1,1,4
431,6,4,6,3,3,4,3,1,0,0,0,1,1,3
435,2,2,6,1,3,2,6,3,1,0,0,1,0,3
436,1,5,6,3,3,4,3,3,0,0,0,0,1,5
437,1,6,2,3,3,1,3,3,0,0,0,1,1,1
449,2,5,6,2,3,2,3,3,1,0,0,1,0,3
453,2,5,6,1,3,2,6,3,1,0,0,1,0,4
458,3,3,6,1,3,2,3,3,1,1,0,0,0,4
461,6,3,6,3,3,4,3,1,1,1,1,1,1,1
478,2,3,6,1,3,4,3,3,0,0,0,1,0,4
482,3,3,6,1,3,1,3,3,1,0,1,0,0,3
492,1,6,2,2,3,1,3,3,0,0,0,1,1,3
494,6,2,3,3,3,4,3,1,0,0,0,0,1,2
518,3,3,6,3,3,2,3,3,1,0,0,0,0,1
529,2,5,2,1,3,1,6,3,1,1,0,0,0,1
535,2,3,6,1,3,2,3,3,1,1,1,1,0,5
545,3,3,6,1,3,2,4,3,0,1,1,0,0,4
558,6,4,6,3,3,4,1,3,0,0,0,0,1,3
564,2,2,1,1,3,4,6,2,1,1,0,0,0,1
567,1,5,4,3,3,1,6,3,0,0,0,1,1,2
575,1,6,2,3,3,1,3,3,0,0,0,1,1,4
589,1,7,1,3,3,2,2,3,0,0,0,1,1,3
591,1,6,2,2,3,1,3,3,0,0,0,1,1,2
601,2,5,6,1,3,1,6,3,1,1,0,0,0,1
603,6,3,1,3,3,4,3,2,0,0,0,1,1,3
606,6,6,6,3,3,4,3,3,1,1,1,1,1,4
615,6,1,6,3,3,4,1,3,0,0,0,1,1,5
618,1,6,2,3,3,1,3,3,0,0,0,0,1,1
619,2,5,2,2,3,1,3,3,0,0,0,1,1,5
634,3,3,6,1,3,2,4,3,1,1,0,0,0,3
635,1,1,6,1,3,1,3,3,1,0,0,0,0,1
642,1,7,4,1,3,1,3,3,0,0,1,1,0,5
645,1,1,1,2,3,1,3,3,0,0,0,0,1,1
651,3,3,6,1,3,1,3,3,1,1,1,1,0,1
662,6,2,6,3,3,4,3,3,0,0,1,1,1,3
667,6,7,6,3,3,4,3,3,1,1,1,1,0,4
672,6,4,6,3,3,4,3,3,1,1,0,1,0,4
675,2,2,6,2,3,1,3,3,0,0,0,0,1,2
687,6,4,1,3,3,4,3,3,0,0,0,0,1,4
692,6,8,6,3,3,4,1,1,1,1,1,1,1,5
705,1,1,6,1,3,1,2,3,0,0,1,0,0,2
708,3,3,6,1,3,1,1,3,0,0,1,1,1,5
723,6,4,6,3,3,4,1,3,0,0,0,1,1,3
725,1,6,2,2,3,1,3,3,0,0,0,1,1,3
726,2,5,2,1,3,1,6,3,1,0,0,0,0,1
730,1,6,3,2,3,1,3,3,1,1,1,1,1,3
733,1,6,3,2,3,1,3,3,0,0,0,1,1,1
740,6,2,7,3,2,4,3,3,0,0,0,0,1,4
753,2,3,1,1,3,1,3,3,1,1,1,1,0,2
764,3,3,2,1,3,2,3,3,1,0,1,1,0,5
765,6,2,3,3,3,4,2,3,0,0,0,1,1,3
786,1,1,6,3,3,2,2,3,0,0,1,1,1,4
796,1,6,6,2,3,2,3,3,0,0,0,0,1,4
797,6,4,2,3,3,4,3,3,0,0,0,1,1,4
800,1,5,6,3,3,4,6,3,0,0,0,1,1,5
805,1,5,1,3,3,1,3,3,0,0,1,1,1,1
806,6,4,6,3,3,4,1,3,0,0,0,1,1,5
828,6,2,6,3,3,4,4,3,0,0,0,0,1,3
831,6,4,6,3,3,4,3,3,0,0,0,1,1,4
850,6,4,6,3,3,4,3,3,0,0,0,0,1,2
866,2,5,6,1,3,1,6,3,1,0,0,1,0,4
870,1,7,2,2,3,1,3,3,0,0,0,1,1,1
878,6,2,2,3,3,4,3,3,0,0,0,1,1,2
892,1,5,6,3,3,1,3,3,0,0,0,1,1,3
895,3,3,6,1,3,1,1,3,1,1,0,0,0,2
904,6,3,6,3,3,4,3,1,0,0,0,0,1,1
919,6,8,6,3,3,4,1,3,0,0,0,0,1,1
922,2,1,7,1,3,2,3,3,0,0,0,1,1,2
926,6,4,3,3,3,4,3,3,0,0,0,1,1,1
931,1,6,3,2,3,1,3,3,0,0,0,1,1,2
934,6,2,3,3,3,4,2,3,0,0,1,1,1,3
953,1,6,2,3,3,1,3,3,0,0,0,0,1,3
969,1,7,6,2,3,1,2,3,0,0,0,1,1,3
972,1,6,6,2,3,2,3,3,0,0,0,1,0,4
975,1,6,2,2,3,1,3,3,0,0,0,0,1,1
977,1,1,6,1,3,1,2,3,0,0,0,1,0,3
978,6,2,1,3,3,4,3,2,0,0,0,0,1,2
986,6,2,2,3,3,4,3,1,0,0,0,0,1,1
1000,6,2,5,3,3,4,3,3,0,0,0,1,1,2
1014,6,8,6,3,3,4,1,1,0,0,1,0,0,2
1024,1,6,6,3,3,4,3,3,0,0,0,1,1,4
1032,1,1,6,3,3,2,3,3,0,0,1,1,1,2
1043,6,2,6,3,3,4,2,3,0,0,0,1,0,2
1047,2,5,3,1,3,2,6,3,1,1,0,0,0,3
1061,2,3,1,1,3,1,3,3,1,0,0,1,0,4
1064,1,7,2,2,3,1,3,3,0,0,0,0,1,3
1073,2,2,6,1,3,4,6,2,0,0,0,1,0,4
1105,1,7,6,1,3,1,3,2,1,0,0,1,0,4
1106,2,2,3,1,3,1,6,3,1,0,0,1,0,4
1116,1,5,2,3,3,4,3,1,0,0,0,0,1,1
1118,6,2,6,3,3,4,1,1,0,0,0,1,1,2
1122,6,4,7,3,3,4,3,3,0,0,0,0,1,3
1125,6,4,1,3,3,4,3,3,0,0,0,1,1,3
1130,6,8,6,3,3,4,1,3,0,0,1,1,0,5
1158,1,1,6,1,3,1,3,3,1,1,0,1,0,5
1159,3,3,6,1,3,1,1,3,0,0,0,1,1,1
1170,2,2,6,1,3,2,6,3,1,1,1,1,0,3
1171,1,7,4,2,2,1,3,3,0,0,0,1,1,2
1190,6,4,3,3,3,4,3,1,0,0,0,0,1,3
1192,1,1,6,1,3,2,2,3,0,0,0,1,1,1
1194,6,4,6,3,3,4,3,3,0,0,0,1,1,4
1213,6,4,6,3,3,4,3,3,0,0,0,0,1,4
1215,1,6,2,3,3,1,3,2,0,0,0,1,1,3
1216,3,3,6,1,3,1,3,3,0,0,1,1,1,4
1236,6,4,3,3,3,4,3,3,0,0,0,1,1,2
1261,3,3,6,1,3,2,3,3,1,0,0,1,0,3
1279,6,2,1,3,3,4,3,1,0,0,0,0,1,3
1284,6,4,6,3,3,4,3,1,0,0,0,1,1,1
1287,3,3,6,1,3,2,4,3,1,1,1,1,0,5
1295,6,8,6,3,3,4,1,1,1,1,0,1,0,5
1299,6,8,6,3,3,4,1,3,1,0,0,1,1,4
1302,1,1,3,1,3,1,3,3,0,0,0,1,0,3
1330,1,6,2,1,3,1,3,3,0,0,0,1,1,5
1333,1,1,6,1,3,1,3,3,0,0,0,1,1,3
1351,6,4,6,3,3,4,3,3,1,0,0,1,0,4
1377,1,6,3,3,3,1,3,3,0,0,0,1,1,3
1380,1,1,6,1,3,1,3,3,1,0,0,1,0,4
1388,6,4,6,3,3,4,3,3,0,0,0,0,1,1
1405,1,6,6,2,3,1,3,3,0,0,0,1,1,4
1416,6,3,6,3,3,4,3,1,1,1,1,1,1,4
1417,2,2,6,1,3,1,6,3,1,1,0,0,0,2
1429,1,7,6,2,3,1,2,3,0,0,0,1,1,5
1437,6,8,6,3,3,4,1,3,1,1,1,1,1,5
1438,6,4,6,3,3,4,3,3,0,0,0,1,1,5
1441,1,7,1,3,1,1,2,1,0,0,0,0,1,5
1446,1,6,6,1,3,1,3,3,1,0,0,0,0,2
1448,1,1,6,1,3,1,3,3,1,0,0,1,0,4
1452,6,8,6,3,3,4,1,1,1,0,0,1,0,5
1460,2,5,6,1,3,1,3,3,1,0,0,1,0,4
1464,6,4,6,3,3,4,3,3,0,0,0,1,1,3
1472,1,6,6,1,3,1,3,3,0,0,1,0,0,2
1475,1,6,1,3,3,4,2,2,0,0,0,0,1,4
1490,1,1,6,3,3,2,3,3,0,0,0,0,1,1
1491,3,3,6,1,3,1,3,3,1,1,1,0,0,4
1497,2,1,5,3,3,4,2,3,0,0,0,1,1,3
1506,6,6,6,3,3,4,3,3,1,0,0,0,0,2
1508,1,1,6,3,3,2,3,3,0,0,0,0,1,4
1509,1,7,3,1,3,1,3,3,0,0,0,1,1,5
1519,1,5,2,3,3,1,3,3,0,0,0,1,1,4
1526,6,2,6,3,3,4,4,1,0,0,0,1,1,3
1533,3,3,4,3,3,4,6,3,0,0,0,1,1,4
1534,1,1,1,3,3,2,3,3,1,0,0,0,0,1
1543,6,2,2,3,3,4,3,3,0,0,0,1,1,4
1559,1,1,6,2,3,1,2,3,0,0,0,0,1,3
1563,6,2,6,3,3,4,3,3,0,0,0,1,1,5
1564,2,2,6,1,3,2,6,3,1,0,1,0,0,5
1567,3,3,1,1,3,1,3,3,1,1,0,1,1,1
1575,3,3,6,1,3,1,4,3,1,1,1,0,0,1
1589,3,6,4,1,3,2,6,2,1,1,0,0,0,1
1596,6,2,4,3,3,4,3,3,0,0,0,1,1,3
1608,2,1,6,1,3,4,4,3,0,0,0,1,0,2
1611,2,1,6,1,3,1,5,3,0,0,0,1,0,3
1613,2,5,6,1,3,1,6,3,1,0,0,1,0,4
1621,6,2,5,3,3,4,3,3,0,0,0,1,1,3
1629,3,3,6,1,3,2,3,3,1,0,0,0,0,3
1630,1,6,3,2,3,1,3,3,0,0,0,1,1,3
1641,1,6,6,2,3,1,3,2,0,0,0,1,1,5
1642,1,5,2,3,3,4,3,3,0,0,1,0,1,5
1652,3,3,6,1,3,2,5,3,1,1,0,0,0,2
1655,3,3,6,1,3,2,1,3,1,1,0,1,0,3
1667,2,1,7,1,3,1,3,3,0,1,1,1,0,3
1668,2,5,3,1,3,1,6,3,1,0,0,1,0,3
1688,1,6,2,2,3,1,3,3,0,0,0,1,1,2
1690,6,8,6,3,3,4,1,1,0,0,0,1,1,5
1698,3,3,1,1,3,1,5,3,1,0,0,0,0,2
1701,3,3,1,3,2,1,2,3,0,0,0,1,1,4
1724,6,2,2,3,3,4,3,3,0,0,0,1,1,3
1733,6,4,6,3,3,4,3,3,0,0,0,1,1,5
1737,1,6,2,1,3,2,3,3,1,0,0,1,0,3
1742,1,6,2,2,3,1,3,3,0,0,0,1,1,2
1746,6,2,7,3,3,4,3,1,0,0,0,1,1,3
1750,3,3,6,1,3,2,3,3,1,0,1,0,0,4
1758,6,9,6,3,3,4,1,1,0,0,0,1,0,3
1759,1,6,1,2,3,1,3,3,0,0,0,1,1,4
1774,6,4,6,3,3,4,3,3,0,0,0,0,1,1
1775,3,3,6,1,3,2,3,3,1,0,0,1,0,4
1783,6,6,6,3,3,4,3,3,1,1,1,0,0,5
1785,1,6,2,2,3,1,3,3,0,0,0,0,1,1
1789,1,7,2,2,3,1,3,3,0,0,1,1,1,1
1797,1,6,2,3,3,1,3,3,0,0,0,1,0,3
1800,2,5,1,1,3,1,6,3,1,0,0,1,0,4
1802,6,2,1,3,3,4,2,3,0,0,0,1,1,4
1803,6,2,6,3,3,4,4,3,0,0,0,1,0,2
1811,1,1,1,1,3,1,2,3,1,0,0,0,0,2
1813,1,6,4,1,3,1,2,3,0,0,1,0,0,1
1830,3,3,6,1,3,2,5,3,0,1,1,1,0,4
1836,1,5,6,3,3,4,3,3,0,0,1,0,1,4
1839,6,2,6,3,3,4,1,1,0,0,0,0,1,5
1842,6,1,1,3,3,4,1,1,0,0,0,0,1,2
1854,2,5,6,1,3,1,6,3,1,0,0,1,0,4
1859,1,6,6,1,2,1,3,3,0,0,0,1,1,4
1860,6,3,6,3,3,4,3,3,0,0,0,1,1,2
1867,1,6,2,1,3,1,3,3,1,1,1,1,0,4
1885,1,5,1,3,3,1,3,3,0,0,1,1,1,3
1900,6,8,6,3,3,4,1,1,1,1,0,1,1,3
1901,1,7,6,2,3,1,3,3,0,0,0,1,0,3
1904,1,7,1,2,3,1,2,3,1,0,0,0,0,1
1920,3,3,6,2,3,1,3,3,0,0,0,0,1,3
1921,6,2,4,3,3,4,2,1,0,0,0,1,1,4
1932,3,3,6,1,3,2,3,3,1,0,1,0,0,4
1934,1,6,3,2,3,1,3,3,0,0,0,1,1,5
1945,3,3,6,1,3,2,3,3,1,0,0,1,1,3
1947,6,3,6,3,3,4,3,3,1,0,0,0,0,3
1950,3,3,6,1,3,2,5,3,1,0,1,1,0,3
1955,1,5,6,3,3,4,3,1,0,0,0,1,1,5
1959,1,1,7,1,3,2,3,2,0,0,0,1,1,3
1962,1,5,2,2,3,1,3,3,0,0,1,1,1,1
1972,2,1,6,1,3,2,3,3,0,0,0,1,0,2
1977,6,4,6,3,3,4,1,3,0,0,0,1,1,2
1979,1,7,2,3,3,4,3,3,0,0,0,1,0,2
1981,1,6,2,3,3,1,3,3,0,0,0,1,1,1
1985,1,7,2,1,3,4,3,3,1,1,1,0,0,4
1987,1,6,2,2,3,1,3,3,0,0,0,1,0,1
1995,6,2,4,3,3,4,3,3,0,0,0,1,1,4
1999,1,5,2,3,3,4,3,3,0,0,0,1,1,3
2002,2,1,3,3,3,1,3,3,0,0,0,0,1,5
2013,3,3,6,1,3,2,3,3,1,1,0,0,0,3
2017,6,4,6,3,3,4,3,2,0,0,0,0,1,2
2020,1,1,6,2,3,2,2,3,0,0,0,0,1,1
2027,6,4,6,3,3,4,3,3,0,0,0,0,1,2
2033,3,3,6,1,3,1,3,3,1,1,0,0,0,5
2044,6,4,1,3,3,4,3,3,0,0,0,1,1,3
2062,1,5,6,3,3,4,3,1,0,0,0,1,1,3
2068,3,4,6,1,3,1,5,3,1,1,0,0,0,3
2082,6,4,6,3,3,4,3,3,0,0,1,0,0,3
2099,1,1,6,1,3,1,2,3,0,0,0,1,0,5
2129,6,4,6,3,3,4,3,3,0,0,0,0,1,3
2170,1,1,6,1,3,2,2,3,0,0,0,1,1,3
2172,1,7,2,2,3,1,3,1,0,0,0,1,1,5
2180,3,3,6,1,3,1,3,3,1,0,1,1,0,3
2181,1,6,6,2,3,1,3,3,0,0,1,1,1,4
2183,6,3,1,3,3,4,3,1,0,0,1,1,1,3
2200,1,6,3,2,3,1,3,3,0,0,0,1,1,2
2203,6,2,1,3,3,4,3,3,0,0,0,1,1,3
2214,1,6,6,2,3,1,2,3,0,0,0,0,1,1
2223,1,1,4,2,3,1,3,3,0,0,0,1,1,3
2233,6,4,1,3,3,4,1,3,0,0,0,1,1,1
2243,2,2,6,1,3,1,3,3,0,0,1,1,0,2
2245,1,6,2,2,3,1,3,3,0,0,0,1,1,4
2260,2,3,4,2,3,2,6,3,0,0,0,1,0,3
2262,6,2,1,3,3,4,3,3,0,0,0,0,1,4
2264,3,3,6,3,3,2,3,3,1,1,0,0,0,2
2273,6,4,6,3,3,4,3,1,0,0,0,0,1,1
2295,3,4,6,1,3,2,3,3,1,1,0,0,0,5
2310,2,1,7,1,3,1,3,3,0,0,0,1,0,4
2318,6,1,6,3,3,4,3,3,0,0,0,1,1,1
2319,2,2,6,1,3,2,6,3,1,0,0,0,0,3
2323,3,3,1,1,3,4,1,3,0,0,0,1,0,2
2326,6,8,6,3,3,4,1,3,1,1,0,1,1,5
2331,1,7,6,3,3,1,3,1,0,0,0,1,1,3
2339,3,3,6,1,3,2,3,3,0,0,0,1,0,5
2341,1,1,1,1,3,1,1,3,0,0,0,1,0,5
2361,6,8,6,3,3,4,1,1,1,0,1,1,0,3
2369,3,3,6,1,3,1,1,2,0,0,0,1,0,3
2384,1,6,2,1,3,1,3,3,0,0,1,1,0,5
2405,6,3,6,3,3,4,3,1,1,0,0,1,1,3
2407,6,4,6,3,3,4,3,3,0,0,0,1,0,2
2411,6,8,1,3,3,4,3,3,1,1,1,1,1,4
2416,1,6,2,2,3,1,3,3,0,0,0,1,1,4
2418,6,4,1,3,3,4,3,3,0,0,0,1,1,5
2428,6,3,6,3,3,4,3,1,1,0,1,1,1,2
2437,6,8,1,3,3,4,1,1,1,1,1,1,1,4
2439,3,3,6,1,3,1,3,3,1,0,0,1,1,5
2447,1,6,6,3,3,1,3,3,0,0,0,1,1,4
2457,6,8,6,3,3,4,1,3,0,0,0,1,0,5
2461,6,7,2,3,3,4,3,3,0,0,1,1,1,4
2469,2,2,6,1,3,2,3,3,0,0,0,1,0,2
2479,6,2,3,3,3,4,3,3,0,0,0,1,0,1
2481,2,2,6,1,3,2,6,3,1,0,0,1,0,2
2484,1,5,2,3,3,4,3,3,0,0,0,1,1,3
2496,2,2,2,2,3,4,6,3,0,0,1,1,0,2
2504,6,2,2,3,3,4,3,3,0,0,0,1,1,1
2507,1,1,1,3,3,1,3,3,0,0,0,1,1,1
2508,2,2,1,1,3,4,3,2,0,0,0,1,0,3
2511,1,5,4,3,3,4,6,3,0,0,0,0,1,5
2514,6,8,6,3,3,4,1,3,0,0,0,1,1,3
2530,6,2,6,3,3,2,2,3,0,0,0,1,1,5
2543,1,5,6,3,3,4,3,1,0,0,0,0,1,3
2547,3,3,2,1,3,2,3,3,1,1,0,1,0,4
2550,1,6,6,2,3,2,3,3,1,1,1,1,1,5
2556,1,1,6,1,3,2,3,3,1,1,1,1,1,5
2566,1,5,4,3,3,4,2,3,0,0,0,1,1,4
2567,6,10,6,3,3,4,1,3,1,1,1,1,1,1
2585,6,8,6,3,3,4,1,3,1,0,0,1,1,4
2595,1,1,4,1,3,1,3,2,0,0,0,1,1,4
2598,1,6,6,2,3,1,3,3,0,0,0,1,1,3
2616,6,4,1,3,3,4,3,3,0,0,0,1,0,5
2621,1,6,1,2,3,1,3,3,0,0,0,1,1,2
2628,1,1,6,1,3,1,3,3,0,0,0,1,1,5
2641,6,2,1,3,3,4,3,1,0,1,1,0,0,3
2644,2,2,3,1,3,1,3,3,1,1,0,0,0,3
2652,2,3,6,1,3,1,3,3,1,0,0,1,0,4
2663,6,2,1,3,3,4,3,3,0,0,0,1,0,1
2681,2,3,6,3,3,4,3,3,0,0,0,1,1,2
2688,6,4,6,3,3,4,3,1,0,0,0,0,1,3
2691,1,5,6,3,3,4,3,3,0,0,0,0,1,1
2709,6,8,6,3,3,4,1,1,1,1,1,1,1,4
2711,2,2,6,1,3,1,6,3,0,0,0,1,0,3
2714,3,3,6,1,3,1,3,3,1,1,0,0,0,5
2720,2,2,4,1,3,1,3,2,0,0,0,1,1,4
2732,6,8,6,3,3,4,1,1,0,0,0,1,0,1
2733,1,6,1,1,2,1,3,3,0,0,0,1,1,3
2736,6,10,6,3,3,4,1,1,0,0,0,1,0,4
2740,6,11,1,3,3,4,3,2,0,0,1,1,1,5
2745,6,4,2,3,3,4,3,3,0,0,1,1,1,3
2748,6,4,6,3,3,4,3,3,0,0,0,0,1,3
2749,1,6,2,2,3,1,3,3,0,0,0,1,1,4
2752,1,1,4,2,3,1,2,3,1,0,0,0,0,1
2767,6,8,6,3,3,4,1,1,0,0,1,0,0,5
2771,3,4,6,1,3,1,5,3,1,1,1,0,0,5
2785,1,7,6,3,3,4,3,3,0,0,0,1,1,2
2788,1,6,2,2,3,1,3,3,0,0,0,1,1,5
2800,6,2,2,3,3,4,3,3,0,0,0,1,1,3
2809,1,5,2,2,3,1,3,3,0,0,0,1,1,4
2811,1,7,3,1,3,1,3,1,0,0,1,1,1,5
2835,1,6,6,1,3,1,3,3,0,0,0,1,1,4
2838,1,1,6,1,3,4,3,3,0,0,0,1,1,3
2839,1,6,6,2,3,1,3,3,0,0,0,1,1,3
2852,6,10,1,3,3,4,3,3,0,0,0,1,1,2
2863,1,6,6,2,3,1,3,3,0,0,0,1,1,5
2865,6,4,6,3,3,4,3,3,0,0,0,0,1,3
2891,6,8,1,3,3,4,1,1,1,1,1,1,1,5
2902,2,5,2,1,3,1,6,3,1,0,1,1,0,3
2903,3,3,6,1,3,1,1,3,1,0,0,1,1,4
2911,1,1,2,1,3,1,2,3,0,0,0,1,0,5
2917,6,10,6,3,3,4,3,3,1,0,1,1,1,4
2930,2,1,6,1,3,2,3,3,0,0,0,1,1,2
2935,2,5,6,1,3,1,6,3,1,0,0,1,0,3
2939,6,4,2,3,3,4,3,1,0,0,0,0,1,3
2940,1,1,4,1,3,2,2,2,0,0,0,1,1,3
2943,3,3,6,1,3,2,1,3,1,0,0,1,0,2
2946,1,1,2,3,3,2,3,3,0,0,0,0,1,1
2949,6,3,2,3,3,4,3,1,0,0,0,1,1,2
2952,1,7,6,3,3,4,3,3,0,0,0,1,1,4
2966,1,6,2,2,3,1,3,3,0,0,0,1,0,4
2968,1,7,6,1,3,1,3,3,1,1,1,1,0,5
2979,2,2,6,1,3,2,6,3,1,0,0,1,0,4
2983,6,4,1,3,3,4,3,1,0,0,0,0,1,1
2993,3,3,6,2,3,1,3,3,1,0,0,0,0,3
2994,6,3,1,3,3,4,3,1,0,0,0,1,0,3
2997,1,6,6,3,3,4,3,1,0,0,0,0,1,4
3015,1,6,3,1,3,1,3,3,0,0,0,1,1,4
3016,3,3,1,1,3,1,3,3,1,1,0,0,0,2
3053,6,4,6,3,3,4,3,3,0,0,0,0,1,4
3059,1,1,6,1,3,2,2,3,0,0,1,1,1,5
3072,1,1,2,2,3,1,3,3,0,0,0,1,1,1
3073,1,5,1,1,2,2,3,3,0,0,0,1,1,2
3079,6,2,1,3,3,4,3,3,0,0,0,1,1,1
3086,2,1,1,1,3,1,3,3,1,0,1,0,0,3
3099,1,6,3,2,3,1,3,3,0,0,0,1,0,4
3100,3,3,6,1,3,1,6,3,1,0,0,1,0,4
3117,1,1,5,1,3,2,2,3,0,0,1,1,1,3
3131,2,5,6,1,3,2,6,3,1,0,0,1,0,3
3134,1,6,2,1,3,2,3,3,1,0,0,1,1,3
3142,1,1,6,1,3,4,3,3,1,1,1,1,1,2
3145,6,2,4,3,3,4,6,3,0,0,0,1,1,3
3148,1,6,2,3,3,1,3,3,0,0,0,1,1,4
3152,6,1,6,3,3,4,3,3,0,0,0,1,1,3
3170,2,5,6,1,3,1,6,3,1,0,1,1,0,5
3178,6,1,6,3,3,4,1,3,0,0,0,1,1,2
3182,6,4,6,3,3,4,3,3,0,0,0,1,1,4
3192,1,6,6,2,3,2,3,3,0,0,0,1,1,3
3201,6,10,3,3,3,4,3,3,1,1,1,1,1,5
3209,2,1,6,1,3,2,3,3,0,0,1,1,0,4
3216,1,4,6,2,3,1,3,3,0,0,1,1,0,1
3218,6,5,6,3,3,4,3,3,0,0,0,1,0,4
3245,1,5,6,3,3,4,3,3,0,0,0,0,1,4
3284,6,9,6,3,3,4,1,1,0,0,1,1,0,2
3296,1,1,6,1,3,2,2,3,0,0,0,1,1,3
3320,6,10,6,3,3,4,3,3,1,1,1,1,1,4
3329,3,3,6,1,3,2,3,3,1,0,1,0,0,3
3338,6,4,1,3,3,4,3,2,0,0,0,1,1,2
3342,6,2,6,3,3,4,3,3,0,0,0,1,1,3
3343,1,5,2,3,3,1,3,3,0,0,0,1,1,4
3348,2,1,6,1,3,2,4,3,0,0,0,1,0,3
3352,1,6,2,2,3,1,3,3,0,0,0,1,1,1
3362,6,3,6,3,3,4,3,1,1,0,1,1,1,4
3363,1,6,2,3,3,1,3,3,0,0,0,0,1,3
3370,6,6,6,3,3,4,1,3,1,0,0,1,0,4
3380,1,1,2,1,3,1,3,3,1,0,0,0,0,1
3389,1,1,5,1,3,1,3,3,1,0,0,1,0,2
3405,2,2,2,1,3,2,3,3,0,0,0,1,1,4
3410,1,6,2,2,3,2,3,3,0,0,0,0,1,3
3411,1,6,6,3,3,2,3,1,0,0,0,1,1,5
3423,6,8,6,3,3,4,1,3,1,0,0,1,0,4
3430,1,1,1,2,3,4,3,3,0,0,1,1,1,3
3438,3,4,6,1,3,1,3,3,1,1,0,0,0,4
3441,6,2,2,3,3,4,3,3,1,0,1,0,0,2
3455,1,6,6,2,3,1,3,3,0,0,0,1,1,4
3458,1,5,3,3,3,4,3,3,0,0,1,1,1,5
3477,1,1,2,1,3,4,3,3,0,0,0,1,1,3
3490,1,6,3,3,3,1,3,3,0,0,0,0,1,3
3519,1,5,2,3,3,1,3,3,0,0,1,0,1,3
3527,1,5,6,3,3,1,2,3,0,0,1,1,1,4
3531,1,6,2,2,3,1,3,3,0,0,0,1,1,3
3542,2,1,6,1,3,1,3,3,0,0,1,1,0,5
3546,1,1,6,1,3,1,2,2,1,0,0,1,1,4
3559,1,6,2,2,3,1,3,3,0,0,0,1,1,3
3570,3,3,1,1,3,2,3,3,1,1,0,0,0,4
3580,6,2,1,3,3,4,1,1,1,0,0,0,0,1
3581,1,6,6,1,3,1,3,3,1,0,0,1,0,4
3583,3,2,6,1,3,2,3,3,1,0,0,0,0,4
3584,3,3,6,1,3,2,4,3,1,0,0,0,0,4
3587,1,6,2,2,3,1,3,3,0,0,0,1,1,1
3602,1,6,6,2,3,1,3,3,0,0,0,1,1,4
3605,6,2,5,3,3,4,2,3,0,0,0,1,1,3
3610,1,5,6,3,3,4,3,3,0,0,0,1,1,2
3613,3,3,6,1,3,1,4,3,1,1,0,0,0,5
3618,1,6,2,2,3,1,3,3,0,0,0,1,1,4
3639,1,5,1,3,3,1,3,3,0,0,1,1,1,3
3649,6,8,6,3,3,4,1,1,1,1,1,1,0,5
3656,1,7,1,3,3,4,2,2,0,0,0,1,1,3
3664,1,6,2,2,3,2,3,3,0,0,0,1,1,4
3671,1,5,6,3,3,4,3,3,0,0,0,1,1,2
3672,6,7,6,3,3,4,3,3,0,0,0,1,1,5
3680,1,1,1,2,3,2,2,3,0,0,0,1,1,3
3683,6,4,6,3,3,4,3,3,0,0,0,1,1,4
3684,6,4,6,3,3,4,3,3,0,0,1,1,1,4
3691,3,3,1,1,3,1,5,3,1,1,0,0,0,2
3695,6,4,2,3,3,4,4,3,0,0,0,1,1,4
3727,6,2,6,3,3,4,4,1,0,0,0,0,1,1
3729,1,5,6,3,3,1,2,2,0,0,0,0,1,4
3738,6,8,6,3,3,4,1,1,1,0,0,0,0,1
3753,1,1,1,2,3,1,3,3,0,0,1,1,1,3
3769,6,7,6,3,3,4,3,3,1,0,0,0,0,3
3773,6,6,3,3,3,4,3,1,1,0,1,1,0,4
3778,1,6,2,1,3,1,3,3,0,0,0,1,1,5
3799,6,8,6,3,3,4,1,1,0,0,0,0,1,5
3803,6,4,6,3,3,4,1,3,0,0,0,1,1,5
3807,1,1,6,1,3,2,2,3,0,0,0,1,0,1
3814,1,6,6,2,3,1,3,3,0,0,0,1,1,4
3816,3,3,6,1,3,2,3,3,1,1,1,0,0,4
3821,3,3,6,1,3,1,3,3,1,0,0,1,0,4
3824,6,3,6,3,3,4,3,1,0,0,0,1,1,4
3838,6,10,6,3,3,4,3,3,1,1,1,1,0,3
3857,1,6,1,2,3,1,3,3,0,0,0,1,0,2
3875,3,6,2,1,3,2,6,3,1,1,0,1,0,4
3879,6,4,2,3,3,4,3,3,0,0,0,1,1,3
3884,6,4,6,3,3,4,1,1,0,0,0,1,1,3
3892,6,4,6,3,3,4,3,3,0,0,0,1,1,5
3894,3,3,6,1,3,2,4,3,0,0,0,1,0,2
3900,2,2,6,3,3,1,6,3,0,0,0,1,0,4
3901,1,5,6,3,3,1,2,1,0,0,1,1,1,4
3910,1,6,2,2,3,1,3,3,0,0,0,0,1,3
3915,2,1,1,1,3,4,3,3,0,0,0,1,1,5
3923,6,10,6,3,3,4,3,3,1,1,1,1,1,5
3933,6,8,6,3,3,4,1,1,0,0,0,1,0,3
3936,1,6,3,2,3,1,3,3,1,0,1,1,1,4
3939,2,2,6,1,3,1,6,3,1,1,1,0,0,5
3957,6,3,6,3,3,4,3,1,1,0,1,1,0,3
3960,6,2,1,3,3,4,3,3,0,0,0,1,1,2
3973,6,4,4,3,3,4,6,3,0,0,0,0,1,4
3977,3,3,6,1,3,1,3,3,1,1,0,0,0,4
3980,1,1,3,1,3,1,3,1,0,0,0,1,1,4
3986,6,11,2,3,3,4,3,2,0,0,1,1,1,4
4016,2,2,6,1,3,2,6,3,0,0,0,1,0,4
4018,3,3,6,1,3,1,5,3,1,1,0,0,0,4
4020,6,10,6,3,3,4,1,3,1,1,1,1,1,4
4042,6,8,6,3,3,4,4,1,1,0,1,1,0,2
4056,2,2,6,2,3,4,6,3,0,0,0,1,1,4
4060,2,3,6,1,3,1,3,3,1,1,0,0,0,4
4062,3,3,6,1,3,2,3,3,1,0,1,0,0,3
4070,2,2,1,1,3,4,2,2,0,0,0,1,1,3
4083,1,7,4,1,3,4,3,2,0,0,0,1,1,2
4114,1,5,6,3,3,4,3,1,0,0,0,1,1,3
4115,2,2,3,2,3,1,3,3,0,0,0,1,0,1
4127,2,3,6,1,3,1,6,3,1,1,1,0,0,3
4128,1,1,1,3,3,2,3,3,0,0,0,1,1,5
4129,6,8,6,3,3,4,1,3,1,1,1,1,0,4
4132,6,4,1,3,3,4,3,1,0,0,0,0,1,4
4133,6,8,6,3,3,4,1,1,1,0,1,1,1,4
4142,1,6,2,2,3,1,3,3,0,0,0,0,1,1
4143,1,1,6,1,3,2,3,3,0,0,0,1,1,4
4159,6,3,1,3,3,4,3,3,0,0,0,1,1,3
4163,6,2,2,3,3,4,3,1,0,0,0,0,1,2
4168,3,1,6,1,3,1,3,3,1,1,1,0,0,2
4170,1,2,2,1,3,2,3,3,1,0,0,0,0,1
4174,3,3,6,1,3,1,3,3,1,1,0,0,0,1
4176,6,8,1,3,3,4,1,1,0,0,1,0,0,1
4178,6,4,6,3,3,4,3,3,0,0,0,0,1,4
4189,3,3,1,1,3,1,3,3,1,0,0,0,0,5
4213,1,7,6,1,3,1,3,3,0,0,0,1,1,2
4218,1,1,6,1,3,1,3,2,0,0,0,1,0,4
4219,6,4,6,3,3,4,3,3,0,0,0,1,1,4
4220,6,4,7,3,3,4,3,3,0,0,0,1,1,1
4223,6,4,6,3,3,4,3,3,0,0,0,1,1,4
4228,2,3,6,1,3,2,3,3,1,1,0,0,0,2
4234,6,2,5,3,3,4,3,3,0,0,0,1,1,3
4260,6,8,6,3,3,4,1,1,1,0,0,1,0,3
4274,2,1,6,1,3,2,3,3,1,0,1,1,1,5
4279,2,2,6,1,3,4,3,3,1,0,0,1,0,4
4285,2,2,2,1,3,4,6,2,1,0,0,1,0,4
4293,6,4,1,3,3,4,3,3,0,0,0,0,1,4
4296,1,6,1,1,3,2,3,3,1,0,1,1,0,1
4311,3,3,2,1,3,1,3,3,1,1,1,1,0,4
4321,1,9,7,1,3,2,3,3,1,0,0,0,0,3
4338,1,1,2,3,3,2,3,3,0,0,0,0,1,3
4343,6,4,1,3,3,4,3,3,0,0,0,1,1,4
4347,6,8,6,3,3,4,1,3,0,0,1,0,0,1
4353,6,2,6,3,3,4,3,3,0,0,0,1,1,5
4366,6,4,6,3,3,4,1,3,0,0,1,0,1,5
4375,6,8,6,3,3,4,1,3,1,1,1,1,1,5
4382,6,6,2,3,3,4,3,3,0,0,1,1,1,2
4387,6,2,6,3,3,4,3,1,0,0,0,1,1,3
4405,6,2,5,3,3,4,3,2,0,0,0,0,1,1
4420,3,6,3,1,3,2,3,3,1,0,1,0,0,4
4426,2,5,6,1,3,1,6,3,1,1,0,0,0,2
4427,1,6,3,2,3,1,3,3,0,0,1,1,1,5
4428,1,5,2,3,3,1,3,1,0,0,0,1,1,4
4430,2,5,1,1,3,1,6,3,1,0,0,1,0,4
4433,3,3,6,1,3,2,4,3,1,0,0,1,0,4
4435,6,4,1,3,3,4,3,3,0,0,0,0,1,3
4442,1,7,6,1,3,1,3,3,0,0,0,1,0,3
4450,1,1,4,1,3,2,2,2,0,0,1,1,1,3
4458,6,2,6,3,1,2,2,1,0,0,0,1,1,5
4459,2,5,6,1,3,1,6,3,1,0,0,1,0,4
4461,1,7,1,2,3,4,3,2,0,0,0,1,1,4
4469,2,3,2,1,3,1,3,3,1,0,1,1,0,5
4488,1,1,4,3,3,1,6,3,0,0,0,0,1,5
4490,2,1,2,1,3,1,3,3,0,0,0,1,0,2
4495,3,3,6,1,3,2,3,3,1,0,0,1,0,3
4504,6,8,6,3,3,4,1,3,0,0,1,1,0,5
4507,1,1,2,3,3,1,3,3,0,0,0,1,1,4
4511,1,5,6,3,3,4,3,1,0,0,0,1,1,5
4520,1,5,6,3,3,4,3,3,0,0,0,0,1,5
4521,1,6,6,2,3,1,3,3,0,0,0,1,1,2
4531,1,1,2,2,3,1,3,3,0,0,0,1,1,4
4556,6,10,6,3,3,4,3,3,0,0,1,0,0,2
4560,1,6,2,3,3,1,3,3,0,0,0,0,1,1
4580,3,3,6,1,3,1,3,2,1,0,1,0,0,5
4581,6,7,6,3,3,4,3,3,0,0,0,1,1,2
4585,6,2,6,3,3,4,2,3,0,0,0,0,1,1
4591,6,9,1,3,3,4,3,3,0,0,0,1,1,4
4596,1,6,1,2,3,1,3,3,0,0,0,1,0,3
4597,2,2,3,1,3,2,6,3,1,0,0,0,0,2
4601,3,3,6,1,3,2,3,3,1,1,0,0,0,2
4602,6,2,1,3,3,4,3,3,0,0,0,0,1,2
4616,2,3,6,1,3,1,3,3,1,0,0,1,0,4
4618,3,3,6,1,3,2,4,3,0,0,0,1,0,4
4631,1,5,6,3,3,1,3,1,0,0,0,0,1,5
4632,6,2,6,3,3,4,4,3,0,0,0,1,1,5
4641,2,2,2,1,3,2,6,3,1,0,0,0,0,4
4653,6,10,6,3,3,4,3,3,1,0,0,1,1,4
4655,2,5,2,1,3,1,6,3,1,0,0,0,0,1
4656,2,4,2,1,3,1,3,3,1,0,0,1,0,3
4663,6,3,6,3,3,4,3,1,0,0,0,0,1,4
4665,6,3,6,3,3,4,3,1,1,0,1,1,1,1
4674,6,2,3,3,3,4,3,3,0,0,0,1,1,4
4676,1,5,2,3,3,4,3,3,0,0,0,1,1,3
4710,6,4,6,3,3,4,3,3,0,0,0,0,1,3
4711,6,4,6,3,3,4,4,1,0,0,0,1,1,3
4720,6,6,6,3,3,4,3,3,0,0,0,1,1,2
4727,6,7,3,3,3,4,3,3,0,0,1,1,1,4
4728,1,6,1,2,3,1,3,3,0,0,0,1,1,1
4732,2,5,2,1,3,1,5,3,0,0,0,1,1,4
4737,2,3,3,1,3,2,3,3,1,0,0,0,0,3
4743,6,2,6,3,3,4,3,1,0,0,0,1,1,5
4747,1,6,6,2,3,1,3,3,0,0,0,1,1,4
4754,6,2,6,3,3,4,3,3,0,0,0,1,1,3
4758,2,2,6,1,3,2,6,3,1,0,0,0,0,4
4768,1,7,6,2,3,2,3,3,0,0,0,1,0,4
4778,6,8,6,3,3,4,1,3,1,1,1,1,0,5
4814,2,1,6,1,3,2,3,3,0,0,1,0,0,4
4829,2,2,1,1,3,1,3,3,1,1,1,1,0,2
4842,3,3,6,1,3,1,4,3,1,1,1,1,0,3
4848,6,8,6,3,3,4,1,1,1,0,1,1,1,4
4853,6,8,6,3,3,4,1,1,1,1,1,1,1,4
4857,2,2,6,1,3,1,6,3,1,0,0,0,0,1
4870,2,2,6,1,3,4,6,3,0,0,0,1,0,3
4873,3,3,2,1,3,2,3,3,0,0,1,0,0,1
4884,1,5,6,3,3,1,3,3,0,0,0,1,1,4
4885,2,3,2,1,3,1,3,3,1,0,0,0,0,3
4889,1,6,6,2,3,1,3,3,0,0,0,1,1,5
4890,6,3,6,3,3,4,3,1,1,0,0,1,0,4
4891,2,5,6,1,3,2,3,3,0,0,0,1,0,4
4898,1,1,6,3,3,2,3,3,0,0,0,1,1,4
4904,3,3,6,2,3,2,3,3,1,1,1,0,0,5
4906,1,6,2,1,3,1,3,3,1,0,0,1,1,3
4907,2,2,2,2,3,1,3,3,0,0,0,1,0,3
4911,3,3,6,1,3,1,4,3,0,0,0,1,0,4
4920,2,3,6,1,3,1,3,3,1,0,0,0,0,1
4931,1,1,1,1,3,1,2,2,0,0,0,1,1,2
4937,6,4,6,3,3,4,1,3,0,0,0,1,1,4
4952,3,3,6,1,3,2,3,3,1,1,0,0,0,5
4963,1,5,4,3,3,4,3,3,0,0,0,0,1,4
4965,3,3,6,1,3,2,4,3,1,1,1,0,0,5
4976,6,4,6,3,3,4,3,3,0,0,0,1,1,3
4980,1,1,6,2,3,1,3,3,0,0,0,1,1,4
4982,6,3,1,3,3,4,3,1,0,0,0,1,0,2
4985,2,2,2,1,3,4,2,3,0,0,0,1,0,1
4994,1,6,6,1,3,1,3,3,1,0,0,0,0,1
5000,6,4,6,3,3,4,3,3,0,0,0,1,1,5
5001,2,5,6,1,3,1,3,1,0,0,0,1,0,5
5007,1,7,6,3,3,1,2,1,0,0,0,0,1,5
5008,6,4,1,3,3,4,1,3,0,0,0,1,1,2
5012,2,1,6,1,3,2,3,3,1,0,0,1,0,4
5026,1,1,6,1,3,2,3,3,0,0,0,1,0,3
5034,1,1,6,1,3,2,2,2,0,0,0,1,1,4
5050,3,3,6,1,3,2,3,3,1,1,1,1,0,5
5060,2,2,6,1,3,4,3,3,0,0,0,1,1,4
5064,1,5,4,3,3,4,3,2,0,0,0,1,1,4
5075,1,1,7,1,3,2,2,2,0,0,0,1,0,3
5078,6,4,6,3,3,4,1,1,0,0,0,1,1,5
5087,6,2,1,3,3,4,3,3,0,0,0,1,1,1
5093,2,5,6,1,3,1,6,1,0,0,1,1,1,5
5094,6,2,3,3,3,4,6,1,0,0,0,1,0,4
5101,1,1,7,1,3,1,3,3,0,0,1,0,0,1
5102,3,4,6,1,3,2,3,3,0,0,0,1,0,5
5104,3,6,7,1,3,4,6,2,1,0,0,1,0,2
5106,3,3,6,1,3,1,3,3,1,1,0,0,0,1
5122,3,3,6,1,3,1,4,3,1,0,0,1,0,3
5123,3,3,6,3,3,2,3,3,0,0,0,1,1,2
5135,3,3,1,1,3,2,2,3,0,0,0,1,1,4
5137,3,3,6,1,3,1,1,3,1,1,0,1,0,4
5145,6,4,1,3,3,4,3,3,0,0,1,1,1,2
5148,1,1,2,2,3,2,3,3,0,0,0,1,1,1
5191,6,2,1,3,3,4,3,3,0,0,1,0,0,1
5198,1,6,1,2,3,1,3,3,0,0,0,0,1,3
5207,6,8,6,3,3,4,1,1,0,1,1,1,1,4
5211,6,2,6,3,3,4,3,3,0,0,0,1,1,4
5221,6,4,6,3,3,4,3,1,1,0,1,1,1,2
5235,3,3,6,1,3,1,1,3,0,0,1,0,0,1
5236,3,3,6,1,3,1,4,3,1,0,0,0,0,1
5243,2,5,6,1,3,1,6,3,0,0,0,1,0,3
5266,3,3,6,1,3,2,4,3,1,1,0,1,0,5
5280,2,5,6,1,3,1,6,3,1,0,0,1,0,4
5281,6,3,2,3,3,4,3,1,0,0,0,1,1,1
5284,2,1,6,1,3,2,3,3,1,0,0,0,0,2
5297,3,3,2,1,3,2,3,3,1,0,1,1,0,3
5303,6,8,6,3,3,4,1,1,1,0,1,1,1,1
5310,1,5,6,1,3,1,3,3,0,0,0,1,1,3
5312,6,12,2,3,3,4,3,3,0,0,0,0,1,4
5323,1,5,2,3,3,4,2,1,0,0,0,1,1,3
5328,6,8,6,3,3,4,1,1,1,1,1,1,1,5
5330,1,5,6,3,3,4,3,1,0,0,0,1,1,4
5338,6,10,1,3,3,4,3,3,1,1,1,1,1,5
5341,1,5,6,3,3,1,3,1,0,0,0,1,1,2
5342,1,6,6,1,3,1,3,3,1,0,0,1,0,4
5346,6,4,2,3,3,4,2,3,0,0,0,1,1,1
5351,6,10,6,3,3,4,1,3,1,0,1,1,1,2
5359,6,2,1,3,3,4,2,3,0,0,0,1,1,3
5369,2,1,6,1,3,1,1,3,1,1,1,1,1,4
5385,3,3,6,1,3,2,3,3,1,0,0,0,0,1
5386,1,1,6,1,3,2,3,3,0,0,0,1,1,3
5394,1,7,1,3,3,1,3,3,0,0,0,1,1,3
5395,1,1,6,3,3,4,3,3,0,0,0,1,1,3
5407,3,3,6,3,3,4,3,1,0,0,0,0,1,4
5427,2,1,6,1,3,2,3,3,1,0,1,1,0,2
5443,1,6,6,3,3,1,3,3,0,0,0,1,1,3
5463,1,7,6,2,3,1,2,3,1,0,0,1,1,4
5470,1,7,5,1,3,1,2,2,0,0,0,1,1,3
5471,1,6,6,1,3,1,3,3,0,0,0,1,1,3
5472,1,6,6,1,3,2,3,3,0,0,0,1,1,4
5474,2,5,6,1,3,1,6,3,0,0,0,1,0,4
5479,1,5,6,1,3,2,3,3,1,0,0,1,0,4
5482,6,1,6,3,3,4,1,3,0,0,0,0,1,2
5488,1,4,6,1,3,1,3,3,1,0,0,0,0,1
5499,6,2,1,3,3,4,3,1,0,0,0,0,1,5
5502,1,6,3,2,3,1,3,2,0,0,1,0,0,1
5504,6,2,3,3,3,4,3,3,0,0,0,1,1,4
5507,1,6,6,2,3,1,3,3,0,0,0,0,1,2
5521,1,6,3,2,3,1,3,3,0,0,0,1,1,4
5524,1,5,6,3,3,4,3,3,0,0,0,1,1,5
5572,6,2,6,3,3,4,3,1,0,0,0,1,1,4
5576,1,6,3,2,3,1,3,3,0,0,0,1,1,4
5580,6,3,6,3,3,4,3,1,0,0,0,1,0,4
5595,3,3,6,1,3,4,2,3,1,1,1,1,0,5
5608,3,3,2,1,3,4,2,3,0,0,0,1,1,4
5609,2,3,3,1,3,2,6,3,1,1,0,0,0,3
5614,2,3,6,1,3,1,3,3,1,0,0,0,0,3
5615,1,1,1,1,3,2,3,3,0,0,0,1,1,4
5619,6,10,6,3,3,4,3,3,1,0,0,1,0,2
5620,1,6,6,3,3,4,3,3,0,0,0,1,1,1
5637,6,13,6,3,3,4,3,3,1,0,0,1,1,3
5639,2,1,6,3,3,4,3,3,0,0,0,0,1,5
5666,3,3,6,1,3,1,3,3,1,0,1,1,0,2
5678,6,2,3,3,3,4,3,1,0,0,1,0,0,5
5707,6,2,6,3,3,4,4,3,0,0,0,1,1,3
5713,1,1,6,2,3,1,3,3,0,0,0,1,1,4
5716,1,1,6,2,3,1,3,3,0,0,0,0,1,1
5717,3,1,6,1,3,1,3,3,0,1,0,1,0,5
5719,2,1,6,1,3,2,3,3,1,0,0,1,0,1
5724,2,5,2,1,3,1,6,3,1,1,0,0,0,2
5725,1,5,6,3,3,1,3,1,0,0,0,0,1,1
5729,1,6,3,1,3,1,3,3,0,0,0,1,1,2
5734,6,12,5,3,3,4,3,3,0,0,0,1,1,5
5749,2,1,6,1,3,2,3,3,1,0,0,1,0,2
5753,1,1,6,1,3,2,3,3,0,0,0,1,1,3
5760,2,5,2,1,3,1,5,3,0,0,0,1,0,3
5764,6,4,6,3,3,4,4,3,0,0,0,0,1,2
5767,2,5,6,1,3,1,6,3,0,0,0,1,0,4
5769,3,3,6,3,3,4,3,3,0,0,0,1,1,3
5785,2,4,6,1,3,2,3,3,1,0,0,1,0,4
5789,6,8,6,3,3,4,1,1,1,0,0,1,0,5
5804,1,7,2,1,3,1,3,3,1,0,0,1,0,4
5809,2,1,6,1,3,2,3,3,0,0,0,1,1,3
5810,6,4,1,3,3,4,3,3,0,0,0,0,1,3
5811,1,6,6,2,3,1,3,3,0,0,0,1,1,3
5814,2,2,6,1,3,1,6,3,1,0,0,0,0,1
5815,6,4,1,3,3,4,3,3,0,0,0,1,1,4
5821,1,5,6,3,3,4,3,2,0,0,0,1,1,4
5841,2,2,6,1,3,2,3,3,1,0,1,0,0,3
5843,6,8,6,3,3,4,1,3,1,1,1,1,1,4
5844,3,3,2,1,3,4,3,3,1,0,1,0,0,3
5847,1,1,6,2,3,2,3,3,0,0,0,1,1,2
5858,3,3,2,1,3,2,1,3,0,0,0,1,1,2
5866,3,3,6,1,3,1,3,3,1,1,0,0,0,4
5874,6,4,6,3,3,4,4,3,0,0,0,0,1,2
5890,6,4,4,3,3,4,1,3,0,0,1,1,1,3
5907,1,4,3,2,3,1,3,3,0,0,0,1,1,4
5922,6,8,6,3,3,4,1,1,1,1,1,1,0,4
5924,2,3,1,1,3,2,3,3,0,0,1,1,0,5
5925,1,7,6,2,3,1,6,3,0,0,0,1,1,2
5933,6,7,6,3,3,4,3,3,0,0,1,1,1,3
5936,2,5,4,1,3,1,6,3,1,0,1,1,0,3
5937,3,4,7,1,3,1,3,3,1,1,0,0,0,2
5939,3,3,6,1,3,2,3,3,1,0,0,0,0,1
5957,6,2,6,3,3,4,3,1,0,0,0,0,1,2
5960,6,6,6,3,3,4,1,3,0,0,1,1,0,2
5964,2,2,6,1,3,2,6,3,1,0,0,0,0,5
5967,1,6,7,2,3,1,3,3,0,0,0,1,1,1
5976,2,1,6,1,3,2,3,3,0,0,0,1,0,3
5980,3,3,6,1,3,1,3,3,1,0,0,1,0,4
5984,1,7,3,1,3,1,3,3,0,0,0,1,1,3
5990,1,1,4,1,3,1,3,3,0,0,0,1,1,1
5996,6,4,6,3,3,4,3,3,0,0,0,0,1,4
6025,2,1,6,1,3,2,3,3,0,0,0,1,0,5
6027,6,2,6,3,3,4,3,1,0,0,0,1,0,5
6041,1,6,2,2,3,1,3,3,0,0,0,1,1,4
6065,3,3,6,1,3,2,3,3,1,0,0,1,0,4
6070,6,8,6,3,3,4,1,1,1,1,1,1,0,3
6077,1,5,2,3,3,1,3,3,0,0,0,1,1,3
6090,6,1,4,3,3,4,1,3,0,0,0,1,1,1
6094,3,3,6,1,3,2,4,3,1,1,1,1,0,4
6108,6,10,2,3,3,4,3,3,1,1,1,1,1,5
6111,6,8,6,3,3,4,1,1,1,1,1,1,1,5
6114,1,6,2,3,3,1,3,3,0,0,0,0,1,2
6117,3,3,2,1,3,1,5,3,0,0,1,1,0,4
6119,6,4,6,3,3,4,3,3,0,0,1,1,1,4
6121,1,6,6,1,3,2,6,3,1,0,0,0,0,2
6126,6,8,6,3,3,4,1,1,1,0,1,1,1,4
6137,6,4,1,3,3,2,2,3,0,0,0,1,1,3
6144,1,6,1,2,3,1,3,3,0,0,0,1,1,1
6149,2,5,4,2,3,1,3,3,0,0,0,1,1,2
6152,6,2,5,3,3,4,3,3,0,0,1,1,1,5
6165,6,2,1,3,3,4,3,2,0,0,0,1,1,4
6166,6,2,1,3,3,4,3,1,0,0,1,0,0,2
6184,1,6,1,2,3,1,3,3,0,0,0,1,1,3
6191,6,2,6,1,2,4,1,1,0,0,0,1,1,3
6192,1,1,6,2,3,1,3,3,1,0,1,1,1,5
6207,3,3,6,1,3,1,3,3,1,1,1,1,0,4
6228,2,3,6,1,3,1,3,3,1,1,1,1,1,5
6231,1,1,1,2,3,1,3,3,0,0,0,1,1,4
6241,1,5,2,3,3,4,3,3,0,0,0,1,1,3
6243,1,6,2,3,3,1,3,3,0,0,0,1,1,3
6245,1,6,6,2,3,1,3,3,0,0,0,1,1,4
6247,6,2,6,3,3,4,3,3,0,0,0,1,1,3
6255,2,5,6,1,3,1,6,3,1,0,0,0,0,5
6261,1,7,2,3,3,4,3,1,0,0,0,0,1,1
6264,1,5,6,3,3,4,3,3,0,0,0,0,1,5
6265,1,9,7,1,3,2,3,3,1,1,1,1,0,3
6271,6,3,6,3,3,4,3,3,1,0,0,1,1,3
6288,6,10,2,3,3,4,3,3,1,0,0,1,1,5
6301,1,5,4,3,3,4,2,1,0,0,0,0,1,2
6306,6,10,6,3,3,4,1,3,1,0,0,0,0,1
6321,6,2,5,3,3,4,3,3,0,0,0,1,1,3
6328,1,7,1,1,3,1,3,1,0,0,0,1,1,3
6329,1,6,6,2,3,1,3,3,0,0,0,1,1,5
6339,1,5,6,3,3,4,3,1,0,0,0,1,1,4
6353,1,6,1,2,3,1,3,3,0,0,0,0,1,5
6355,1,6,2,3,3,1,3,3,0,0,0,0,1,3
6372,1,1,6,1,3,1,3,3,0,0,0,1,1,5
6373,1,5,6,3,3,4,3,3,0,0,0,1,1,5
6376,3,3,6,3,3,4,4,1,0,0,0,1,1,2
6390,6,2,1,3,3,4,3,3,0,0,0,0,1,1
6391,6,4,2,3,3,4,3,3,0,0,0,1,1,4
6399,3,3,6,1,3,2,3,3,1,0,1,1,0,3
6400,3,3,6,1,3,1,4,3,1,1,1,1,0,5
6403,1,6,6,3,3,1,3,3,0,0,0,1,1,5
6407,6,4,2,3,3,4,3,3,0,0,1,1,1,4
6416,6,4,6,3,3,4,6,3,0,0,0,1,1,4
6417,3,3,6,1,3,2,3,3,1,1,0,0,0,3
6421,3,3,6,1,3,1,5,3,1,0,1,1,0,3
6422,6,5,1,3,3,4,3,1,0,0,0,1,0,4
6425,2,2,6,1,3,1,6,3,1,0,0,1,0,4
6429,2,3,6,1,3,1,3,3,0,0,0,0,1,2
6433,1,7,4,3,3,1,3,3,0,0,0,1,1,5
6444,1,6,2,2,3,1,3,3,0,0,0,1,1,2
6447,1,7,6,1,3,1,2,3,0,0,1,1,1,2
6449,6,6,6,3,3,4,3,3,1,0,1,1,0,2
6452,6,4,1,3,3,4,3,3,0,0,0,1,1,4
6474,1,7,6,3,3,4,3,1,0,0,1,1,1,5
6486,6,10,6,3,3,4,1,3,1,0,1,1,1,2
6490,6,8,1,3,3,4,1,1,1,0,0,1,0,4
6492,2,1,6,1,3,2,4,3,1,0,0,1,0,4
6495,2,5,6,1,3,1,6,3,1,1,0,0,0,3
6497,1,6,2,3,3,1,3,3,0,0,0,0,1,2
6504,1,6,6,2,3,2,3,3,0,0,0,1,1,2
6507,1,7,3,1,3,1,3,3,1,1,1,1,0,3
6510,6,3,6,3,3,4,3,1,1,0,0,1,1,4
6515,1,1,6,1,3,2,3,3,0,0,0,1,1,4
6516,2,5,6,1,3,1,6,3,1,0,0,1,0,3
6523,6,10,6,3,3,4,3,2,0,0,0,1,1,1
6527,6,4,6,3,3,4,1,3,0,0,0,1,1,5
6530,6,14,6,3,3,4,1,3,1,1,1,1,1,3
6553,1,6,2,2,3,1,3,3,0,0,0,0,1,4
6554,6,2,6,1,3,2,2,3,0,0,0,0,1,5
6567,1,6,6,2,3,1,3,3,0,0,0,0,1,3
6568,6,4,6,3,3,4,1,3,0,0,0,0,1,3
6579,6,4,6,3,3,4,3,3,0,0,0,1,1,3
6587,6,4,6,3,3,4,1,1,0,0,0,1,0,2
6599,1,5,2,2,3,1,3,2,0,0,0,1,1,3
6602,6,3,6,3,3,4,3,1,1,1,0,1,1,4
6612,6,2,1,3,3,4,3,3,0,0,0,1,0,2
6613,6,3,6,3,3,4,3,1,0,0,1,1,0,4
6614,2,2,6,1,3,2,6,3,0,0,0,1,0,2
6627,6,2,1,3,3,4,3,3,0,0,0,1,1,2
6646,6,4,6,3,3,4,3,3,1,0,0,0,0,5
6647,6,2,6,3,3,4,1,1,0,0,0,1,1,4
6663,6,8,6,3,3,4,4,1,0,0,0,1,0,3
6665,1,1,2,2,3,1,3,3,0,0,0,1,1,5
6669,1,6,2,2,3,1,3,3,0,0,0,1,1,4
6679,2,1,6,1,3,2,3,3,0,0,0,1,0,3
6689,3,3,6,1,3,1,1,3,1,0,0,0,0,4
6697,2,5,6,1,3,4,3,3,1,0,1,1,0,4
6716,6,2,3,3,3,4,3,3,0,0,0,0,1,3
6721,1,1,7,2,3,2,3,3,1,0,0,0,0,2
6744,6,10,6,3,3,4,3,3,0,0,0,1,0,3
6786,1,6,2,2,3,1,3,3,0,0,0,0,1,3
6799,1,5,4,1,3,1,3,3,0,0,1,1,0,2
6802,1,6,2,2,3,1,3,3,0,0,0,1,1,4
6803,1,6,2,2,3,1,3,3,0,0,0,1,1,2
6812,3,3,6,3,3,2,3,3,0,0,0,1,1,2
6813,3,3,6,1,3,1,3,3,1,0,0,1,0,4
6818,1,1,6,2,3,2,3,3,0,0,0,1,1,5
6822,1,7,6,3,3,2,3,3,0,0,0,0,1,2
6838,1,1,6,2,3,2,3,3,0,0,0,1,1,1
6849,2,1,6,1,3,2,3,3,1,0,0,1,0,4
6859,1,6,6,2,3,2,3,3,0,0,0,1,1,4
6867,1,5,2,3,3,4,3,3,0,0,0,1,1,2
6870,6,2,7,3,3,4,3,3,0,0,0,1,1,2
6886,3,3,1,1,3,1,3,3,1,1,1,1,1,5
6890,2,5,6,1,3,1,6,3,1,0,0,0,0,4
6895,1,1,4,2,3,1,2,3,0,0,0,1,1,4
6898,6,4,6,3,3,4,3,3,0,0,0,0,1,3
6905,2,2,6,1,3,2,6,3,1,1,0,0,0,4
6907,6,4,6,3,3,4,3,3,0,0,0,1,1,4
6908,6,2,5,3,3,4,2,3,0,0,0,1,1,4
6916,3,3,6,1,3,2,3,3,0,0,1,1,0,5
6922,3,3,6,1,3,2,3,3,1,0,0,0,0,3
6923,1,6,6,1,3,1,3,3,1,1,1,1,1,1
6935,3,3,2,1,3,1,1,3,1,0,1,1,0,2
6947,6,4,6,3,3,4,1,3,0,0,1,0,0,2
6958,6,4,6,3,3,4,4,3,0,0,0,0,1,2
6960,1,5,6,3,3,4,3,3,0,0,1,1,1,4
6978,3,3,7,1,3,1,3,3,1,1,0,1,0,4
6986,1,6,6,2,3,1,3,3,1,0,0,0,0,1
6989,1,7,6,2,3,1,3,2,0,0,0,1,1,3
7000,2,1,6,1,3,2,3,3,1,0,0,1,0,3
7001,1,6,6,3,3,1,3,3,0,0,1,1,1,1
7006,3,3,6,1,3,1,3,3,1,1,0,0,0,4
7017,1,6,6,2,3,1,3,3,0,0,0,1,1,3
7026,6,6,7,3,3,4,3,3,1,0,0,1,1,2
7037,3,3,2,1,3,1,3,3,1,0,0,1,1,2
7040,1,1,6,2,3,1,3,3,0,0,1,0,0,2
7041,1,6,1,2,2,1,3,3,0,0,0,0,1,1
7047,3,3,6,1,3,2,3,3,1,1,1,0,0,5
7059,2,3,6,3,3,2,3,3,0,0,0,0,1,1
7062,1,6,2,2,3,1,3,3,0,0,0,1,1,3
7066,1,6,2,2,3,1,3,3,0,0,0,1,1,4
7071,6,7,6,3,3,4,3,3,0,0,0,1,0,4
7072,3,3,6,3,3,4,3,3,0,0,0,1,1,5
7077,6,2,2,3,3,4,2,3,0,0,0,1,1,2
7078,1,1,6,2,3,1,3,3,0,0,0,1,1,3
7084,6,4,1,3,3,4,3,3,0,0,0,1,1,5
7086,6,4,1,3,3,4,3,3,0,0,0,1,0,1
7105,6,6,6,3,3,4,3,3,0,0,0,1,1,3
7110,3,3,6,1,3,1,5,3,1,1,0,0,0,4
7116,6,2,6,3,3,4,3,3,1,0,0,0,0,1
7120,6,1,6,3,3,4,1,3,0,0,0,0,1,1
7130,6,10,6,3,3,4,1,3,1,1,0,1,0,5
7145,3,3,6,3,3,2,3,3,0,0,1,1,0,2
7149,6,8,6,3,3,4,1,1,1,0,1,1,1,4
7156,3,3,6,2,3,1,3,3,0,0,0,1,0,3
7176,3,3,6,1,3,2,5,3,1,1,0,0,0,5
7198,6,3,6,3,3,4,3,1,0,0,1,1,1,2
7209,1,6,2,2,3,1,3,3,0,0,0,0,1,1
7227,1,6,6,1,3,1,3,3,0,1,1,0,0,2
7231,1,6,6,3,3,1,3,3,0,0,0,1,1,4
7234,1,5,6,3,3,4,3,3,0,0,0,0,1,3
7238,6,2,1,3,3,4,3,3,0,0,0,0,1,1
7251,6,3,6,3,3,4,3,1,0,0,0,1,0,4
7254,1,5,2,2,3,1,3,3,0,0,0,1,1,1
7264,3,2,2,1,3,1,4,3,1,0,0,1,0,2
7270,6,2,1,3,3,4,3,3,0,0,0,1,1,3
7271,1,7,6,3,3,4,2,3,0,0,0,0,1,4
7277,3,3,1,1,3,1,3,3,0,0,0,0,1,3
7279,1,7,3,2,3,1,3,3,0,0,0,1,1,3
7280,3,6,6,1,3,1,3,2,1,0,0,0,0,1
7282,6,6,6,3,3,4,3,3,1,0,1,1,0,3
7285,2,1,6,1,3,2,3,3,1,0,0,1,0,4
7286,2,2,2,2,3,1,3,2,0,0,0,1,1,4
7292,3,3,6,1,3,2,3,3,0,1,1,0,0,3
7300,2,5,6,1,3,2,3,3,1,0,0,0,0,2
7303,6,4,6,3,3,4,3,3,0,0,0,0,1,3
7323,2,3,6,1,3,1,3,3,0,0,0,1,1,5
7324,6,10,2,3,3,4,2,3,0,0,1,0,0,1
7326,1,1,2,2,3,4,3,1,0,0,0,1,1,2
7332,1,6,2,2,3,1,3,3,0,0,0,1,1,2
7334,6,7,6,1,3,1,3,1,1,0,0,1,0,2
7344,1,1,3,1,3,2,3,3,0,0,0,1,0,2
7348,6,2,6,3,3,4,1,3,0,0,0,1,1,1
7353,1,6,2,3,3,1,3,3,0,0,0,0,1,1
7356,2,5,3,1,3,2,3,3,1,0,0,0,0,2
7360,6,3,1,3,3,4,3,3,1,1,0,1,1,1
7366,6,10,6,3,3,4,3,3,0,0,1,1,0,1
7376,1,7,4,1,3,1,6,3,0,0,0,1,1,3
7418,6,4,6,3,3,4,3,3,0,0,0,1,1,5
7424,1,1,2,1,3,1,2,3,0,0,1,0,1,4
7439,6,9,6,3,3,4,1,1,1,1,0,1,1,4
7447,2,5,6,1,3,1,6,3,1,0,0,1,0,4
7448,1,5,2,3,3,4,3,3,0,0,0,0,1,4
7477,6,2,1,3,3,4,3,3,0,0,0,1,1,4
7488,2,2,6,1,3,1,6,3,0,0,0,1,0,5
7498,6,2,4,3,3,4,3,3,0,0,0,1,1,2
7506,3,6,2,1,3,1,6,2,1,1,1,1,1,3
7512,6,2,6,3,3,4,4,3,0,0,0,1,1,2
7516,6,3,6,3,3,4,3,1,0,0,0,1,1,1
7522,3,3,6,1,3,2,3,3,1,0,0,0,0,2
7526,3,4,6,1,3,2,4,3,1,1,1,0,0,4
7534,2,2,2,1,3,2,3,3,1,0,1,1,0,1
7536,6,10,6,3,3,4,3,3,1,0,1,1,1,4
7562,2,3,6,1,3,1,3,3,1,0,0,1,0,4
7565,1,6,1,2,3,1,3,3,0,0,0,1,0,3
7569,1,1,6,1,3,1,3,3,0,0,1,1,1,4
7577,2,1,6,1,3,1,6,3,1,0,0,0,0,3
7578,3,3,6,1,3,2,3,3,1,1,0,0,0,2
7608,3,3,6,1,3,2,3,3,1,1,1,0,0,5
7612,2,1,6,1,3,2,3,3,0,0,1,0,0,3
7617,3,3,6,1,3,2,4,3,0,0,0,1,1,1
7618,6,3,3,3,3,4,3,1,0,0,1,1,0,1
7620,6,2,2,3,3,4,3,3,1,0,0,0,0,1
7643,6,4,3,3,3,4,3,3,0,0,1,1,1,3
7651,6,4,6,3,3,4,1,1,0,0,0,0,1,4
7663,6,4,6,3,3,4,3,3,0,0,0,1,1,4
7664,1,5,2,3,3,1,3,3,0,0,0,1,1,4
7671,2,5,6,1,3,3,3,3,1,0,0,0,0,1
7684,3,3,6,1,3,1,3,3,1,0,0,1,0,3
7692,1,6,6,1,3,1,3,3,1,0,0,0,0,4
7693,6,8,6,3,3,4,1,1,1,1,1,1,1,5
7700,6,4,1,3,3,4,3,1,0,0,0,0,1,1
7710,6,4,6,3,3,4,3,3,0,0,0,0,1,4
7714,6,2,6,3,3,4,4,3,0,0,0,1,1,3
7727,3,3,6,1,3,2,5,3,1,1,0,0,0,5
7729,2,5,6,1,3,1,3,3,1,0,1,1,0,3
7739,2,5,4,1,3,1,6,3,1,1,1,0,0,3
7745,1,4,1,1,3,1,3,3,0,0,0,1,0,2
7746,1,6,2,2,3,1,3,3,0,0,0,1,1,3
7748,6,8,6,3,3,4,1,1,1,0,1,0,0,4
7749,6,3,6,3,3,4,3,1,1,1,0,0,0,5
7754,6,4,1,3,3,4,3,3,0,0,1,1,1,1
7761,2,3,2,3,3,1,3,3,0,0,1,0,0,1
7774,3,3,6,1,3,1,5,3,1,1,0,0,0,4
7776,6,4,1,3,3,4,2,1,0,0,0,0,1,2
7787,6,10,2,3,3,4,3,3,0,0,0,1,0,1
7802,2,1,3,3,3,4,3,3,0,0,0,0,1,4
7813,1,6,2,2,3,1,3,2,0,0,0,1,1,4
7822,3,3,6,1,3,1,5,3,1,1,0,0,0,3
7832,1,1,6,2,3,2,6,3,0,0,0,1,0,3
7837,1,4,6,2,3,1,3,3,0,0,0,1,1,4
7855,6,8,6,3,3,4,1,3,1,1,1,1,1,4
7857,1,6,2,2,3,1,3,3,0,0,0,1,1,3
7879,3,1,6,1,3,2,3,3,1,0,0,0,0,1
7882,6,2,6,3,3,4,3,1,0,0,0,0,1,3
7885,3,2,6,1,3,2,5,3,0,0,0,1,0,3
7893,1,1,6,1,3,2,2,3,0,0,0,1,1,3
7894,1,6,2,1,3,2,3,3,0,0,0,1,1,3
7895,2,5,6,1,3,1,3,3,0,1,0,0,0,3
7908,6,2,6,3,3,4,3,3,0,0,0,1,1,3
7916,2,2,6,1,3,2,6,3,0,0,0,1,1,2
7943,6,10,6,3,3,4,1,3,1,1,1,1,1,4
7949,6,4,6,3,3,4,3,3,0,0,0,1,0,3
7954,1,1,6,1,3,2,2,3,0,0,0,1,1,4
7971,2,1,6,1,3,2,3,3,1,0,0,1,1,4
7975,6,3,1,3,3,4,3,1,0,0,0,1,1,5
7982,6,8,6,3,3,4,1,3,1,1,1,1,1,4
7996,1,6,6,2,3,1,3,3,0,0,0,1,1,4
7999,3,3,6,1,3,2,3,3,1,0,0,1,0,4
8011,6,4,6,3,3,4,3,3,0,0,1,0,1,2
8013,2,1,6,1,3,2,3,3,1,0,0,0,0,2
8020,2,2,6,1,3,2,3,3,1,0,0,1,1,4
8022,1,6,2,2,3,1,3,3,0,0,0,1,1,4
8026,2,1,6,1,3,2,3,3,1,0,1,1,0,4
8034,2,2,6,1,3,1,6,3,1,0,0,1,0,4
8040,6,4,6,3,3,4,1,3,0,0,0,1,1,4
8054,2,5,2,1,3,4,3,3,0,0,1,1,0,5
8064,1,6,2,2,3,1,3,3,0,0,0,1,1,4
8081,6,8,6,3,3,4,1,1,1,1,1,1,1,5
8088,6,10,6,3,3,4,4,3,1,0,0,0,0,1
8092,6,8,2,3,3,4,1,3,1,1,1,1,1,4
8094,2,5,6,1,3,1,6,3,0,0,0,1,0,1
8105,1,6,2,2,3,1,3,3,0,0,0,1,1,5
8111,2,5,6,1,3,2,6,3,0,1,0,0,0,1
8118,2,3,6,1,3,2,3,3,0,0,1,1,0,3
8119,6,3,6,3,3,4,3,1,1,0,0,1,0,3
8120,3,3,6,1,3,1,6,3,1,1,0,0,0,4
8134,2,1,6,1,3,2,3,3,0,0,0,1,0,3
8140,6,6,6,3,3,4,3,3,1,1,0,1,0,4
8142,1,6,2,3,3,1,6,3,0,0,0,1,0,4
8151,6,1,1,3,3,4,1,3,0,0,0,1,1,4
8153,6,4,6,3,3,4,4,3,0,0,0,1,0,3
8157,2,5,2,1,3,1,6,3,1,1,0,0,0,5
8159,2,2,6,1,3,4,3,3,0,0,1,1,1,5
8164,3,3,6,1,3,1,6,3,1,1,1,0,0,2
8172,6,2,4,3,3,4,2,3,1,0,1,1,1,4
8175,6,10,6,3,3,4,3,3,1,1,1,1,1,3
8177,2,5,2,1,3,1,3,3,0,0,0,1,0,1
8190,1,6,6,2,3,2,3,3,1,0,0,1,1,4
8206,2,5,6,1,3,2,3,3,1,0,0,1,0,4
8208,1,6,2,1,3,1,3,3,0,0,0,1,1,5
8212,1,6,2,2,3,1,3,3,0,0,0,1,1,3
8222,1,5,3,1,3,1,6,3,0,0,0,1,0,3
8232,6,2,6,3,3,4,3,3,0,0,0,0,1,2
8233,6,2,1,3,3,4,3,3,0,0,0,1,1,4
8253,2,2,6,3,3,1,3,3,1,1,1,1,0,5
8261,1,6,6,2,3,1,3,3,0,0,0,1,1,4
8282,6,4,6,3,3,4,4,1,1,1,1,1,1,5
8315,6,11,2,3,3,4,3,3,0,0,1,1,1,3
8340,6,4,6,3,3,4,3,3,0,0,0,1,1,4
8360,6,2,4,3,3,4,6,3,0,0,0,1,1,4
8370,6,1,1,3,3,4,1,3,0,0,0,1,1,1
8373,1,5,6,3,3,1,3,3,0,0,0,1,1,3
8377,6,4,1,3,3,4,3,3,0,0,0,0,1,2
8389,6,2,3,3,3,4,3,1,0,0,0,1,1,3
8392,2,2,4,1,3,4,2,3,0,0,0,1,1,2
8398,6,3,1,3,3,4,3,1,0,0,0,1,1,1
8413,1,1,6,3,3,1,2,3,0,0,0,1,1,4
8417,6,4,6,3,3,4,3,3,0,0,1,1,1,2
8422,1,7,6,3,3,2,2,2,0,0,0,1,1,3
8432,3,3,1,1,3,1,3,3,0,0,0,0,1,4
8436,2,5,6,1,3,1,6,3,1,0,0,1,0,3
8460,3,3,6,2,3,1,4,3,0,0,0,1,0,2
8467,3,3,6,1,3,2,3,3,0,0,0,1,0,5
8468,6,8,2,3,3,4,3,1,0,0,0,1,0,4
8480,6,3,6,3,3,4,3,1,0,0,0,1,0,4
8495,1,6,6,1,3,1,3,3,0,0,0,1,1,4
8511,3,6,2,1,3,1,6,3,1,1,1,0,0,4
8517,1,6,6,2,3,1,3,2,0,0,0,0,1,1
8530,1,1,4,1,3,4,3,3,0,0,0,1,1,3
8532,6,4,6,3,3,4,3,3,0,0,0,1,1,3
8557,2,1,7,1,3,2,3,3,0,0,0,1,0,3
8561,6,4,6,3,3,4,3,3,0,0,0,1,1,2
8566,1,1,7,1,3,2,3,3,0,0,1,1,1,4
8592,6,4,2,3,3,4,1,3,0,0,0,1,1,3
8596,1,7,1,2,3,1,2,3,0,0,0,1,1,2
8600,1,5,6,3,3,4,3,1,0,0,1,1,1,3
8606,1,1,6,1,3,1,3,3,0,0,0,1,0,4
8607,2,3,6,2,3,1,6,2,0,0,0,0,1,2
8609,1,7,2,1,3,1,3,2,0,0,0,1,1,4
8615,6,8,6,3,3,4,1,3,1,1,1,1,1,5
8621,6,10,6,3,3,4,3,3,0,0,0,1,1,4
8634,1,1,3,1,3,1,3,3,0,0,0,1,1,3
8636,1,1,6,3,3,2,1,3,0,0,0,1,1,5
8637,6,3,1,3,3,4,3,1,1,0,0,1,1,2
8646,2,2,6,1,3,2,6,3,1,0,1,0,0,5
8650,3,6,3,1,3,4,3,2,0,0,0,1,1,3
8652,1,1,6,1,3,1,2,3,0,0,0,1,1,3
8658,6,2,1,3,3,4,3,3,0,0,0,0,1,2
8659,1,5,2,3,3,1,3,3,0,0,0,1,1,2
8670,1,6,6,2,3,1,3,3,0,0,0,1,1,2
8684,1,1,6,1,3,1,3,3,0,0,0,1,1,4
8685,3,3,6,1,3,2,4,3,0,0,0,1,1,1
8689,2,5,6,1,3,2,6,3,0,0,0,1,0,4
8695,2,1,6,3,3,4,3,3,0,0,0,1,1,4
8696,1,7,1,3,3,4,3,1,0,0,0,1,1,5
8699,3,3,6,1,3,2,5,3,1,1,0,0,0,5
8705,6,4,1,3,3,4,3,3,0,0,0,1,1,5
8709,2,5,6,1,2,1,6,3,1,1,1,0,0,2
8716,1,7,2,1,3,1,3,3,1,0,0,1,0,4
8725,2,1,6,1,3,1,1,3,1,0,0,1,0,4
8728,6,2,1,3,3,4,3,3,0,0,0,1,0,5
8733,1,1,4,3,3,1,2,3,0,0,0,1,1,5
8740,6,8,6,3,3,4,1,1,1,1,1,1,1,4
8764,1,6,6,3,1,4,2,1,0,0,0,1,0,2
8766,1,5,6,3,3,4,3,1,0,0,1,1,1,4
8768,2,1,6,1,3,1,4,3,0,0,0,1,0,3
8778,1,1,6,1,3,1,3,3,1,0,0,1,1,4
8779,1,7,1,1,3,4,3,3,1,0,1,1,0,3
8799,3,3,6,1,3,1,3,3,0,0,0,1,0,4
8806,2,3,3,1,3,1,3,3,1,0,0,0,0,4
8811,1,1,2,3,3,2,3,3,0,0,0,1,1,2
8813,6,4,6,3,3,4,3,3,0,0,0,1,1,2
8829,2,2,6,1,3,2,6,1,1,0,0,0,0,2
8837,6,4,3,3,3,4,3,3,0,0,0,1,1,3
8841,2,2,4,2,3,1,6,3,0,0,0,1,1,3
8842,1,1,2,2,3,1,3,1,0,0,1,0,0,1
8847,2,3,6,1,3,1,3,3,1,0,0,0,0,1
8848,2,2,4,3,3,4,6,1,0,0,0,1,1,5
8849,6,2,6,3,3,4,1,1,0,0,0,1,0,3
8852,6,3,6,3,3,4,3,1,1,1,1,1,1,4
8853,3,3,6,1,3,1,5,3,1,0,0,0,0,3
8856,3,3,4,1,3,1,3,3,1,1,0,0,0,4
8872,6,2,2,3,3,4,3,1,0,0,0,1,1,2
8878,6,11,3,3,3,4,3,3,0,0,1,1,1,2
8886,1,9,6,1,3,2,3,3,1,0,0,0,0,4
8894,6,2,2,3,3,4,2,3,0,0,0,0,1,1
8899,2,5,6,1,3,1,5,3,0,0,0,1,1,2
8925,3,3,4,1,3,2,3,3,0,0,1,1,0,5
8932,1,5,6,1,3,1,3,3,1,1,1,0,0,3
8954,1,6,1,1,3,1,3,3,0,0,0,1,1,3
8961,1,6,2,2,3,1,3,3,0,0,0,1,1,5
8962,1,7,6,3,3,4,2,2,0,0,0,0,1,1
8965,3,3,6,1,3,2,3,3,0,0,1,0,0,3
8968,6,4,2,3,3,4,3,2,0,0,0,0,1,1
8991,1,5,4,3,3,1,3,3,0,0,0,0,1,1
9002,3,3,4,2,3,4,6,2,0,0,0,1,1,3
9007,1,6,3,2,3,2,3,3,0,0,0,0,1,2
9008,1,6,2,2,3,1,3,3,0,0,0,1,1,3
9012,1,1,6,1,3,2,2,3,0,0,0,1,0,3
9017,6,4,6,3,3,4,3,3,0,0,0,1,1,5
9018,3,3,6,1,3,1,3,3,1,0,1,1,0,3
9026,1,6,6,2,3,2,3,3,0,0,0,1,1,4
9028,3,3,6,1,3,2,4,3,1,1,1,0,0,3
9061,2,5,6,2,3,1,6,3,0,0,0,1,1,4
9068,3,3,6,1,3,2,3,3,1,1,0,0,0,5
9070,1,1,1,3,3,1,3,3,0,0,1,1,1,1
9072,6,4,1,3,3,4,2,3,0,0,0,1,1,3
9075,6,4,1,3,3,4,3,3,0,0,1,1,1,3
9087,1,6,6,3,3,1,3,3,0,0,0,1,1,4
9090,1,6,2,2,3,1,3,3,0,0,0,1,1,4
9092,2,1,6,3,3,2,3,3,1,0,1,1,0,1
9109,6,4,1,3,3,4,3,3,0,0,0,0,1,1
9118,2,2,6,1,3,4,6,3,0,0,0,1,1,4
9123,2,3,2,1,3,1,3,3,1,0,0,1,0,4
9144,2,5,6,1,3,1,6,3,1,0,0,1,0,2
9156,6,14,6,3,3,4,3,1,0,0,0,1,1,2
9169,6,4,2,3,3,4,3,3,0,0,0,1,1,3
9170,3,3,6,1,3,2,4,3,1,1,1,0,0,3
9182,6,2,1,1,3,2,2,2,0,0,0,1,1,4
9187,1,7,6,2,1,1,3,3,0,0,0,1,1,3
9190,6,4,1,3,3,4,3,3,0,0,0,1,1,3
9208,3,3,6,1,3,4,5,3,1,0,1,0,0,2
9226,1,6,6,2,3,2,3,3,0,0,0,1,1,4
9234,6,4,2,3,3,4,3,3,0,0,0,1,1,5
9257,3,2,6,1,3,2,4,3,1,1,0,0,0,3
9275,1,1,3,1,3,2,3,3,1,0,0,0,0,4
9284,6,2,3,3,3,4,3,3,0,0,0,0,1,4
9288,3,6,7,1,3,4,6,2,1,0,0,1,0,4
9300,2,5,6,3,3,2,6,3,1,1,0,0,0,4
9309,2,2,6,1,3,4,6,3,1,0,1,1,0,4
9316,1,4,6,1,3,2,3,3,1,1,1,1,1,4
9333,2,3,6,1,3,1,3,3,1,0,0,1,0,4
9358,1,6,6,3,3,1,3,3,0,0,0,0,1,3
9359,2,5,6,3,3,1,6,3,0,0,0,0,1,4
9371,3,3,6,1,3,2,5,3,1,0,1,1,0,1
9388,1,1,6,1,3,2,2,3,0,0,0,1,1,4
9395,1,6,6,1,3,4,3,3,0,0,0,0,1,4
9397,6,4,1,3,3,4,3,3,0,0,0,1,1,5
9401,1,6,2,1,3,1,3,3,1,0,0,1,0,1
9411,6,4,6,3,3,4,3,3,0,0,0,1,1,5
9419,6,4,6,3,3,4,3,1,0,0,0,0,1,1
9427,3,3,6,1,3,2,4,3,1,1,0,0,0,4
9436,1,5,6,3,3,4,2,2,0,0,0,1,1,4
9441,2,2,6,1,3,2,6,3,1,1,0,1,0,4
9456,2,2,6,1,3,4,3,3,0,0,0,1,1,2
9467,6,4,2,3,3,4,3,3,0,0,0,0,1,2
9468,1,5,2,3,3,1,3,3,0,0,0,0,1,1
9469,6,3,1,3,3,4,3,1,1,1,1,1,1,1
9473,6,11,6,3,3,4,3,1,0,0,0,0,1,3
9485,6,2,3,3,3,4,3,1,0,0,0,1,1,1
9489,1,6,6,2,3,1,3,3,0,0,0,1,1,3
9491,6,2,6,3,3,4,3,1,0,0,0,0,1,3
9497,1,7,1,3,3,1,3,3,0,0,0,1,1,4
9505,1,5,3,3,3,4,3,3,0,0,0,1,1,4
9522,1,6,2,2,3,1,3,3,1,1,1,1,1,1
9523,6,3,2,3,3,4,3,3,1,0,1,0,0,2
9531,2,2,6,1,3,2,6,2,0,0,1,1,1,5
9546,6,2,2,3,3,4,4,1,0,0,0,1,1,3
9549,6,3,3,3,3,4,3,3,0,0,0,1,1,1
9570,6,8,6,3,3,4,1,3,1,1,1,1,1,4
9578,1,1,1,2,3,2,2,3,0,0,1,1,1,1
9598,1,6,6,2,3,1,3,3,0,0,0,1,1,3
9603,6,12,3,3,3,4,3,2,0,0,0,1,1,3
9607,6,8,6,3,3,4,1,1,1,1,1,1,1,5
9615,6,2,1,3,3,4,1,1,0,0,0,1,1,2
9629,1,1,6,1,3,1,3,3,0,0,1,1,0,4
9634,6,6,2,3,3,4,3,3,0,0,1,1,1,4
9653,2,5,6,1,3,2,5,3,1,0,1,0,0,5
9654,3,3,6,1,3,2,3,3,1,1,1,1,0,4
9663,3,3,6,1,3,2,4,1,1,1,0,0,0,2
9670,2,2,6,1,3,4,1,3,0,0,0,1,1,5
9672,6,4,1,3,3,4,3,1,0,0,0,1,1,4
9676,1,1,4,1,3,2,3,3,0,0,1,1,1,2
9684,2,5,6,1,3,2,6,3,1,0,0,1,0,5
9691,6,2,1,3,3,4,3,3,1,0,0,0,0,1
9693,6,4,7,3,3,4,3,3,0,0,1,1,1,1
9712,6,3,2,3,3,4,3,1,0,0,0,1,0,4
9715,1,6,2,2,3,1,3,3,0,0,1,1,1,3
9758,6,6,6,3,3,4,3,3,1,0,1,1,1,2
9784,6,4,6,3,3,4,4,1,0,0,0,0,1,3
9786,6,8,6,3,3,4,1,3,0,0,0,1,0,4
9801,1,6,2,3,3,1,3,3,0,0,1,1,1,3
9803,6,2,4,3,3,4,3,3,0,0,0,1,1,2
9816,1,5,2,3,3,1,3,3,0,0,0,0,1,2
9818,3,3,6,1,3,2,3,3,1,1,1,1,1,3
9819,1,1,6,2,3,1,3,3,0,0,0,1,1,1
9831,1,6,2,2,3,1,3,3,0,0,0,0,1,2
9838,2,2,4,1,3,1,6,3,1,0,1,0,0,2
9852,3,3,6,1,3,2,4,3,1,1,0,0,0,5
9863,6,8,6,3,3,4,3,3,0,0,0,1,0,3
9877,2,5,4,1,3,1,6,2,1,1,1,1,1,4
9883,2,5,3,1,3,2,6,3,0,1,1,0,0,3
9891,6,4,6,3,3,4,3,3,0,0,0,1,1,2
9903,6,2,6,3,3,4,3,1,0,0,0,1,1,3
9907,6,4,6,3,3,4,1,3,0,0,0,0,1,3
9910,1,6,6,2,3,2,3,3,0,0,0,1,1,4
9914,1,6,2,1,3,1,3,3,1,1,0,0,0,4
9923,1,6,6,1,3,1,3,3,1,0,0,1,0,4
9933,6,6,6,3,3,4,3,3,1,0,1,1,0,4
9935,2,1,6,1,3,2,3,3,0,0,1,1,0,4
9945,1,7,2,2,3,1,2,3,0,0,0,1,1,4
9946,6,4,4,3,3,4,6,3,0,0,0,1,1,3
9956,3,3,4,1,3,1,6,3,0,0,0,1,0,2
9958,6,8,6,3,3,4,1,1,1,0,1,1,0,4
9987,1,6,2,3,3,1,3,3,0,0,0,0,1,2
9989,1,6,6,2,3,1,3,3,0,0,1,1,1,4
9998,1,6,2,3,3,1,3,3,0,0,0,1,1,3
10001,6,3,6,3,3,4,3,1,0,0,0,1,1,3
10012,2,3,3,1,3,1,3,3,0,0,1,0,0,2
10018,2,3,6,1,3,1,3,3,0,0,0,1,0,5
10024,6,2,6,3,3,4,1,1,0,0,0,1,1,4
10025,6,6,1,3,3,4,3,3,0,0,0,1,0,5
10046,1,6,6,2,3,4,3,3,0,0,0,1,1,4
10050,2,2,6,1,3,2,5,3,1,1,0,0,0,1
10064,3,3,2,1,3,2,5,3,1,0,0,1,0,1
10067,2,5,6,1,3,1,6,3,1,1,1,1,0,5
10072,2,2,6,1,3,2,3,3,1,0,1,0,0,2
10074,6,10,6,3,3,4,3,3,1,0,1,1,1,2
10076,1,6,6,2,3,1,3,3,0,0,1,1,1,3
10082,6,4,6,3,3,4,3,1,0,0,0,1,1,3
10087,6,3,1,3,3,4,3,1,0,0,0,1,1,1
10104,6,2,4,3,3,4,3,1,0,0,0,1,0,3
10117,3,3,6,1,3,1,1,3,1,0,0,1,0,2
10132,2,5,6,1,3,1,6,3,1,0,0,1,0,4
10134,1,5,4,3,3,4,6,3,0,0,0,1,1,4
10148,2,2,6,1,3,1,6,3,1,0,0,0,0,1
10161,6,4,6,3,3,4,3,3,0,0,0,1,1,5
10164,6,2,1,3,3,4,2,3,0,0,1,1,1,1
10168,1,6,2,3,3,1,3,3,0,0,0,1,1,4
10173,2,5,6,1,3,1,6,3,1,1,1,1,0,5
10182,1,6,6,1,3,1,3,3,0,0,1,1,0,5
10186,6,4,6,3,3,4,3,3,1,0,0,1,0,3
10188,6,7,1,3,3,4,3,3,0,0,0,1,1,2
10192,1,6,6,1,3,1,3,3,1,0,0,1,0,3
10194,1,1,6,3,3,4,3,3,0,0,0,1,1,4
10204,3,3,6,1,3,2,3,3,1,1,0,0,0,4
10205,6,4,6,3,3,4,3,2,0,0,0,0,1,3
10210,1,7,1,2,3,1,2,3,0,0,0,1,1,4
10211,1,6,6,3,3,1,3,3,0,0,0,1,1,4
10229,1,1,6,2,3,1,3,3,0,0,0,0,1,2
10231,1,1,6,2,3,1,3,3,0,0,0,1,0,5
10237,1,1,6,1,3,1,2,3,0,0,0,1,1,3
10241,6,8,6,3,3,4,1,3,1,1,1,1,1,5
10244,1,1,6,1,3,2,3,3,1,1,1,1,1,4
10259,1,6,2,3,3,1,3,3,0,0,0,0,1,5
10260,1,6,3,2,3,1,2,3,0,0,0,0,1,2
10262,6,6,6,3,3,4,3,3,1,1,1,1,1,5
10263,1,1,1,1,3,1,3,3,0,0,0,1,1,4
10299,1,6,6,3,3,4,3,1,0,0,0,0,1,2
10323,2,1,6,1,3,2,3,3,1,0,0,1,0,3
10333,6,2,6,3,3,4,6,1,0,0,0,1,1,3
10341,6,2,2,3,3,4,3,3,0,0,1,1,1,3
10346,6,4,6,3,3,4,2,3,0,0,0,1,1,3
10347,3,3,7,1,3,2,3,3,1,0,1,0,0,2
10353,1,6,2,2,3,1,3,3,1,1,1,1,1,1
10356,6,4,7,3,3,4,3,3,0,0,0,1,1,4
10358,2,2,6,1,3,2,6,3,1,0,0,0,0,2
10361,1,1,1,2,3,2,3,3,0,0,0,1,1,3
10371,3,3,6,1,3,2,3,1,1,0,0,1,1,4
10372,1,6,3,2,3,1,3,3,0,0,0,1,1,3
10377,1,5,6,3,3,4,3,3,0,0,0,0,1,4
10380,3,3,6,1,3,1,1,3,1,1,1,0,0,5
10386,2,1,6,1,3,2,3,3,0,0,0,1,0,4
10394,3,3,6,1,3,2,3,3,0,0,0,1,0,4
10396,2,2,6,1,3,1,3,2,1,0,0,0,0,1
10402,3,3,6,1,3,2,3,3,0,0,1,0,0,3
10405,3,3,6,1,3,2,5,3,0,0,1,1,0,4
10406,6,7,6,3,3,4,3,3,0,0,1,0,1,3
10412,1,6,2,2,3,1,3,3,0,0,0,1,1,4
10416,6,2,6,3,3,4,2,3,0,0,0,0,1,2
10419,6,4,6,3,3,4,3,3,0,0,0,1,1,3
10425,6,8,6,3,3,4,1,3,0,0,1,0,0,1
10430,1,6,3,2,3,1,3,3,0,0,0,1,1,1
10455,6,4,5,3,3,4,3,2,0,0,0,1,1,3
10471,6,2,6,3,3,4,3,1,0,0,0,1,1,1
10480,6,13,6,3,3,4,3,3,0,0,1,1,1,2
10484,3,3,6,1,3,1,3,3,0,0,1,1,0,4
10492,2,1,1,1,3,2,3,1,0,0,1,1,0,3
10495,3,3,1,1,3,1,3,3,1,0,0,0,0,4
10498,3,3,6,1,3,2,3,3,1,1,1,1,1,5
10510,3,6,2,2,3,2,3,2,0,0,0,1,0,2
10522,1,5,2,3,3,4,3,3,0,0,1,1,1,5
10533,3,3,6,1,3,2,3,3,0,0,0,1,0,2
10537,1,1,6,2,3,1,3,3,0,0,0,1,1,2
10540,6,2,4,3,3,4,6,3,0,0,1,1,1,4
10558,1,1,2,3,3,1,3,3,0,0,0,1,1,1
10569,1,1,6,3,3,2,2,3,0,0,0,1,1,2
10580,2,2,6,1,3,2,3,3,1,0,0,1,0,3
10581,1,1,1,2,3,1,2,3,0,0,0,0,1,1
10584,2,2,3,1,3,1,6,3,0,0,0,1,0,4
10586,2,2,3,1,3,2,6,3,0,0,0,1,0,5
10613,6,4,3,3,3,4,3,3,0,0,1,1,1,4
10617,1,7,6,3,3,1,2,3,0,0,0,1,1,4
10623,3,4,6,1,3,2,5,3,1,1,0,0,0,5
10625,1,5,6,3,3,1,3,3,0,0,0,1,1,3
10628,2,5,6,1,3,1,6,2,1,0,0,0,0,4
10631,1,6,2,2,3,1,3,3,0,0,0,1,1,3
10638,1,6,2,2,3,1,3,3,0,0,0,1,1,1
10639,2,5,4,1,3,4,6,3,0,0,1,0,0,3
10642,1,5,6,1,3,1,6,2,0,0,1,0,0,5
10644,6,2,6,3,3,4,3,2,0,0,0,0,1,2
10645,3,3,6,1,3,2,4,3,1,0,0,1,0,4
10647,1,6,2,2,3,1,3,3,0,0,0,0,1,3
10670,2,2,6,1,3,2,6,3,1,0,0,1,0,5
10680,6,7,1,3,3,4,3,3,0,0,1,0,1,2
10683,1,1,6,3,3,4,3,1,0,0,0,1,1,4
10686,3,2,6,1,3,1,3,3,1,0,0,0,0,5
10692,6,2,6,3,3,4,4,3,0,0,0,0,1,3
10716,1,6,6,3,3,1,3,3,1,0,0,0,1,4
10722,6,4,1,3,3,4,3,3,0,0,0,1,1,4
10727,6,2,6,3,3,4,4,3,0,0,0,1,1,1
10732,1,1,6,3,3,4,3,3,0,0,1,1,1,3
10736,2,2,2,3,3,4,3,3,0,0,1,0,1,2
10740,6,5,6,3,3,4,3,3,1,0,0,1,0,3
10750,2,1,6,1,3,1,3,3,1,0,0,0,0,1
10751,1,6,2,2,3,1,3,3,0,0,0,0,1,3
10753,6,10,6,3,3,4,3,3,1,1,1,1,1,4
10758,3,6,2,1,3,2,6,3,1,0,0,0,0,2
10766,1,6,7,1,3,1,3,3,0,0,1,1,1,3
10768,3,3,1,1,3,2,3,3,0,0,0,1,0,5
10798,1,1,4,3,3,1,2,3,0,0,0,1,1,3
10799,1,5,6,3,3,4,6,3,0,0,0,1,1,4
10804,2,2,4,1,3,4,6,3,0,0,0,1,0,4
10808,6,8,6,3,3,4,1,3,1,1,1,1,1,4
10810,3,3,6,1,3,2,3,3,1,0,0,1,0,4
10812,1,6,6,2,3,1,3,3,0,0,0,1,1,4
10826,1,6,1,1,3,1,3,3,0,0,0,1,1,4
10837,2,2,1,1,3,2,6,3,0,0,1,1,0,3
10852,6,7,2,3,3,4,3,3,0,0,1,1,1,3
10859,1,7,1,2,3,2,3,3,0,0,1,1,0,3
10862,6,8,6,3,3,4,1,1,1,1,1,1,1,4
10889,6,2,5,3,3,4,4,3,0,0,0,1,1,5
10893,3,3,6,1,3,2,3,1,0,0,1,1,0,3
10903,6,2,6,3,3,4,3,1,0,0,0,1,1,4
10904,6,10,6,3,3,4,3,3,0,0,0,1,1,5
10910,3,2,6,1,3,1,4,3,1,1,1,0,0,2
10912,6,4,6,3,3,4,3,3,0,0,0,1,1,5
10924,3,3,6,1,3,2,3,1,1,0,0,1,0,4
10933,1,6,2,3,3,1,3,3,0,0,0,0,1,1
10938,1,1,6,1,3,2,3,3,1,1,0,0,0,3
10958,2,2,6,1,3,4,6,3,0,0,0,0,1,3
10962,1,6,6,2,3,1,3,3,0,0,0,0,1,3
10963,6,2,1,3,3,4,3,3,0,0,0,1,1,2
10975,6,4,7,3,3,4,3,3,0,0,0,0,1,5
10976,3,3,6,1,3,1,3,3,1,0,0,0,0,3
10982,1,6,6,1,3,2,2,3,0,0,0,1,1,4
10993,2,5,3,1,3,4,6,3,1,0,0,1,0,4
10994,2,1,6,1,3,2,3,3,0,0,1,1,0,5
11009,1,7,1,3,3,4,2,3,0,0,0,1,1,5
11013,3,6,4,1,3,1,6,3,0,0,0,1,1,3
11027,1,6,2,2,3,1,3,3,0,0,0,0,1,1
11029,2,5,3,1,3,1,3,3,0,0,0,1,1,3
11032,1,6,2,1,3,1,3,3,1,0,0,1,0,2
11038,3,3,6,1,3,2,3,3,1,0,0,0,0,2
11061,3,3,6,1,3,2,3,3,1,1,1,0,0,4
11075,2,1,6,1,3,4,3,3,1,0,1,1,1,5
11077,1,5,6,3,3,4,3,3,0,0,0,0,1,2
11079,3,3,6,1,3,1,3,1,1,0,0,0,0,4
11104,2,5,3,1,3,1,6,3,0,0,0,1,1,4
11106,1,6,6,2,3,1,3,3,0,0,0,1,0,4
11119,6,2,1,3,3,4,3,3,0,0,0,1,1,5
11122,1,5,6,3,3,4,3,1,0,0,1,0,1,4
11125,1,1,6,1,3,1,2,2,0,0,0,1,1,3
11133,1,1,4,3,3,4,2,3,0,0,0,1,1,5
11139,1,7,2,3,3,1,2,3,0,0,0,0,1,2
11144,3,3,6,1,3,2,3,3,0,0,1,1,0,4
11146,2,1,6,1,3,4,3,3,1,0,1,0,0,4
11152,2,2,1,1,3,1,6,3,1,0,0,0,0,2
11154,1,7,1,2,3,2,3,3,0,0,0,1,1,5
11158,1,5,6,3,3,2,3,3,0,0,0,0,1,4
11162,6,4,6,3,3,4,3,1,0,0,1,1,1,2
11164,6,4,6,3,3,4,3,3,0,0,0,0,1,5
11166,6,2,4,3,3,4,3,3,0,0,0,1,1,2
11180,2,2,6,1,3,4,3,3,1,0,0,1,0,3
11185,1,7,6,1,3,2,3,3,1,0,1,1,0,1
11195,6,4,6,3,3,4,3,1,1,0,0,0,1,2
11200,1,6,6,2,3,2,3,3,0,0,0,0,1,5
11204,3,1,6,1,3,1,3,3,1,1,0,0,0,3
11220,3,3,6,1,3,1,4,3,1,1,0,0,0,4
11242,3,3,6,1,3,1,5,3,1,1,0,0,0,3
11244,6,10,1,3,3,4,3,3,0,0,1,1,0,3
11252,6,6,6,3,3,4,3,3,0,0,0,1,0,4
11253,6,4,6,3,3,4,1,1,0,0,0,1,0,3
11268,6,4,6,3,3,4,1,3,0,0,0,1,1,5
11279,2,5,3,1,3,1,6,3,1,0,1,1,0,4
11284,6,4,1,3,3,4,3,1,0,0,0,1,1,3
11297,1,6,2,2,3,1,3,3,0,0,0,1,1,5
11298,1,6,2,2,3,2,3,3,0,0,1,1,1,2
11299,1,1,1,2,3,1,3,3,0,0,0,1,0,3
11300,3,3,7,1,3,1,4,3,1,0,0,1,0,2
11301,3,3,6,1,3,2,5,3,1,1,1,0,0,4
11307,3,3,6,1,3,1,1,3,1,0,0,0,0,2
11310,1,5,6,3,3,4,3,3,0,0,0,1,1,4
11327,2,5,3,1,3,1,6,3,1,0,1,1,0,4
11329,6,15,2,3,3,4,3,1,0,0,0,1,1,1
11332,2,2,1,1,3,4,6,3,1,0,0,1,0,4
11334,1,6,6,1,3,1,3,3,1,0,1,0,0,3
11339,1,1,6,3,3,2,2,3,0,0,0,1,1,4
11347,6,4,1,3,3,4,3,3,0,0,0,1,1,4
11350,6,11,1,3,3,4,3,3,0,0,1,0,0,2
11351,6,10,6,3,3,4,3,3,1,1,1,1,1,4
11358,6,9,6,3,3,4,1,1,1,1,1,1,0,3
11363,1,1,6,1,3,1,2,3,1,0,0,0,0,2
11388,1,6,2,2,3,1,3,3,0,0,0,0,1,1
11392,3,3,6,1,3,2,3,3,1,1,0,0,0,2
11393,6,11,2,3,3,4,3,2,0,0,0,0,1,4
11396,6,4,2,3,3,4,3,3,0,0,1,1,1,3
11409,6,2,3,3,3,4,3,1,0,0,0,1,1,2
11419,2,5,6,1,3,1,3,3,0,0,1,1,0,4
11421,6,4,6,3,3,4,3,3,0,0,1,1,1,3
11424,6,1,6,3,3,4,1,3,0,0,0,0,1,1
11428,2,4,2,3,3,4,3,3,0,0,1,1,1,1
11443,6,2,4,3,3,4,3,3,0,0,0,1,1,4
11460,2,2,4,1,3,4,2,3,0,0,0,1,1,1
11467,1,6,6,2,3,1,3,3,0,0,0,1,1,5
11476,2,3,2,3,3,2,3,3,0,0,1,1,1,2
11478,1,5,6,2,3,4,3,1,0,0,0,1,1,5
11480,1,6,2,2,3,1,3,3,0,0,0,0,1,1
11484,6,3,6,3,3,4,4,1,0,0,1,0,0,3
11486,2,5,7,1,3,2,6,2,1,0,1,0,0,4
11498,1,6,3,2,3,1,3,3,0,0,0,1,1,5
11499,6,8,1,3,3,4,1,3,1,1,1,1,1,3
11505,6,4,6,3,3,4,3,3,0,0,0,0,1,2
11514,6,2,5,3,3,4,2,2,0,0,0,1,1,3
11520,1,1,3,1,3,2,2,3,0,0,1,1,1,4
11521,6,3,6,3,3,4,3,1,1,0,0,0,0,3
11522,6,8,6,3,3,4,1,3,1,1,1,1,1,5
11529,1,7,6,1,3,1,2,3,0,0,0,1,0,1
11531,3,3,6,1,3,1,5,3,1,0,1,0,0,4
11545,1,7,6,3,3,1,3,2,0,0,0,1,1,3
11554,2,5,3,1,3,1,6,3,0,0,0,1,0,4
11557,3,3,6,1,3,1,4,3,1,1,0,0,0,5
11558,6,4,3,3,3,4,3,3,0,0,0,1,1,4
11580,2,3,6,1,3,1,3,3,1,1,1,1,0,3
11592,2,5,6,1,3,1,6,3,1,0,0,1,0,1
11610,3,3,2,1,3,2,3,2,1,1,0,1,0,5
11618,6,2,6,3,3,4,3,3,0,0,0,1,1,5
11646,6,4,4,3,3,4,3,3,0,0,1,1,1,5
11651,6,8,1,3,3,4,1,1,1,1,0,1,1,4
11652,1,7,1,2,3,1,2,3,0,0,0,0,1,2
11666,2,2,7,1,3,1,6,3,1,0,0,0,0,4
11670,6,6,6,3,3,4,3,3,1,1,1,1,1,5
11675,6,2,6,3,3,4,3,3,1,1,1,1,0,4
11677,6,4,2,3,3,4,3,1,0,0,0,1,1,3
11680,6,10,6,3,3,4,1,1,0,0,1,1,1,5
11706,6,2,6,3,3,4,4,3,0,0,0,1,1,4
11720,1,1,4,1,3,2,2,3,0,0,0,1,0,4
11747,6,2,5,3,3,4,3,1,0,0,1,1,1,3
11749,6,1,6,3,3,4,1,1,0,0,0,0,1,2
11750,2,2,2,1,3,2,2,3,0,0,0,1,1,1
11754,3,3,6,1,3,2,3,3,1,1,0,0,0,4
11755,1,6,3,2,3,2,3,3,0,0,0,1,1,2
11766,2,5,6,1,3,1,3,3,0,0,1,1,0,2
11775,6,2,5,3,3,4,3,3,0,0,0,1,1,4
11788,1,6,6,2,3,1,3,3,0,0,0,1,1,4
11796,2,1,6,1,3,2,3,3,0,0,1,1,0,3
11799,1,1,1,3,3,1,2,3,0,0,0,1,1,3
11801,6,2,4,3,3,4,6,3,0,0,0,1,1,1
11809,2,5,6,1,3,1,4,3,0,0,1,1,0,4
11811,1,6,3,2,3,1,3,3,0,0,0,1,1,5
11816,1,6,2,3,3,4,3,3,0,0,1,1,1,1
11839,1,1,1,3,3,2,2,3,0,0,0,1,1,3
11847,2,5,6,1,3,1,6,3,1,0,0,1,0,4
11849,2,5,2,1,3,1,6,3,1,0,0,1,0,4
11856,6,2,4,3,3,4,3,3,0,0,0,0,1,3
11857,2,2,6,1,3,1,6,3,1,0,0,1,0,3
11859,1,7,6,3,3,4,2,3,0,0,0,1,1,4
11864,6,4,6,3,3,4,3,3,0,0,0,1,1,2
11867,1,7,2,2,3,1,3,3,0,0,0,1,1,1
11869,3,3,6,1,3,2,4,3,1,0,0,1,0,3
11877,2,5,6,1,3,1,6,3,0,0,1,1,1,1
11885,2,1,6,1,3,2,3,3,0,0,0,1,0,3
11887,1,1,6,1,3,2,2,3,1,0,0,1,1,2
11889,6,4,6,3,3,4,3,3,0,0,0,1,1,3
11890,6,2,6,3,3,4,4,1,0,0,0,1,1,4
11899,1,7,1,3,3,1,3,3,0,0,0,1,0,1
11908,1,6,2,2,3,1,3,3,0,0,0,0,1,2
11918,3,3,6,1,3,2,3,3,1,0,0,0,0,3
11926,6,2,7,3,3,4,3,3,0,0,0,1,0,1
11932,6,4,6,3,3,4,3,3,1,0,1,1,1,3
11937,2,2,2,1,3,4,6,3,1,0,1,1,0,4
11941,6,2,2,3,3,4,2,2,0,0,0,1,1,2
11942,6,4,1,3,3,4,3,3,0,0,1,1,1,3
11943,3,3,6,1,3,2,4,3,1,0,0,0,0,4
11948,1,7,6,3,3,4,2,3,0,0,0,1,1,4
11957,1,1,7,1,3,1,3,3,0,0,0,1,0,4
11958,2,3,6,1,3,1,3,3,0,0,0,0,1,3
11961,6,3,1,3,3,4,3,1,0,0,0,1,0,1
11962,1,5,6,3,3,4,3,3,0,1,0,0,0,2
11968,6,2,6,3,3,4,3,1,0,0,0,1,1,5
11969,6,2,6,3,3,4,1,1,0,0,0,1,1,2
11973,3,3,6,1,3,2,4,3,1,0,0,0,0,2
11975,6,2,6,3,3,4,1,1,0,0,0,1,1,3
11977,1,6,6,3,3,1,3,3,0,0,0,1,1,4
11978,1,4,6,1,3,2,3,3,1,1,1,1,0,5
11991,1,1,1,2,3,1,2,3,0,0,0,0,1,4
11993,6,2,6,3,3,4,3,1,0,0,1,1,1,4
12007,1,6,1,2,3,1,3,3,0,0,0,0,1,3
12013,6,8,6,3,3,4,1,3,0,0,1,1,0,4
12021,1,1,2,1,3,1,3,2,0,0,0,1,0,1
12026,1,5,1,3,3,4,3,3,0,0,0,0,1,2
12036,1,6,2,2,3,1,3,1,0,0,0,1,1,5
12042,6,6,1,3,3,4,6,3,1,0,1,1,0,2
12066,6,4,6,3,3,4,1,3,0,0,0,1,1,2
12067,6,2,6,3,3,4,6,1,0,0,1,0,1,4
12068,6,8,6,3,3,4,1,3,1,0,0,0,0,2
12073,3,2,6,1,3,1,4,3,0,0,1,1,0,3
12087,1,6,6,3,3,1,3,3,0,0,1,1,1,5
12098,1,1,2,2,3,2,3,3,0,0,0,1,0,2
12100,6,2,2,3,3,4,3,3,0,0,0,1,0,1
12102,6,8,6,3,3,4,1,1,0,0,0,1,1,5
12103,1,6,2,3,3,1,3,3,0,0,0,0,1,5
12109,1,1,3,1,3,2,3,3,0,0,0,1,0,3
12119,2,1,6,1,3,4,3,3,1,0,1,1,0,3
12123,2,2,6,1,3,4,6,2,1,0,0,1,0,5
12133,6,4,6,3,3,4,3,3,0,0,0,0,1,3
12135,3,3,6,1,3,1,3,3,1,0,1,1,0,3
12136,1,7,6,1,3,1,3,2,1,0,1,0,0,4
12151,2,2,2,1,3,2,6,3,0,0,1,0,0,3
12162,1,1,1,1,3,2,3,3,0,0,0,1,1,5
12166,1,5,2,3,3,4,3,3,0,0,0,0,1,2
12167,1,7,2,2,3,1,3,3,0,0,0,1,1,3
12171,1,6,2,2,3,1,3,3,0,0,0,1,1,3
12190,6,4,1,3,3,4,3,1,0,0,0,1,1,1
12197,2,5,6,1,3,1,6,3,1,1,0,0,0,4
12204,2,3,6,3,3,1,3,3,0,0,1,0,0,1
12211,1,5,1,3,3,4,3,3,0,0,0,0,1,1
12229,1,1,6,2,3,1,3,3,1,0,0,1,1,3
12239,3,3,6,1,3,1,4,3,1,0,0,1,0,3
12258,1,6,2,3,3,1,3,3,0,0,0,1,1,4
12268,6,11,2,3,3,4,3,3,0,0,0,1,0,3
12272,6,10,2,3,3,4,3,3,1,0,0,1,1,3
12285,1,6,1,3,2,1,3,3,0,0,0,1,0,1
12300,1,6,2,2,3,1,3,3,0,0,0,1,1,4
12305,6,3,6,3,3,4,3,1,1,0,0,1,0,4
12307,1,7,6,2,3,1,3,3,0,0,0,1,1,4
12315,6,3,6,3,3,4,3,1,0,0,0,1,0,2
12333,6,10,6,3,3,4,3,1,1,1,1,1,1,4
12340,1,6,6,2,3,1,3,3,0,0,0,1,1,4
12343,3,3,6,1,3,1,5,3,1,1,0,0,0,4
12347,2,5,3,1,3,1,6,3,0,0,0,1,0,1
12350,1,1,1,2,3,2,2,3,0,0,0,1,1,5
12352,6,6,6,3,3,4,3,3,1,0,1,1,0,1
12373,6,10,6,3,3,4,1,3,0,0,1,1,1,5
12377,1,1,1,1,3,2,3,3,0,0,0,1,1,2
12382,1,1,6,2,3,2,1,3,1,0,0,1,0,4
12385,1,5,6,3,3,1,3,3,0,0,0,1,1,4
12399,1,1,6,1,3,4,3,3,0,0,0,1,1,1
12433,6,8,6,3,3,4,1,3,1,1,1,1,1,3
12436,6,4,1,3,3,4,3,3,0,0,0,1,1,4
12439,2,5,6,1,3,1,6,3,1,0,1,0,0,5
12450,2,2,2,1,3,2,4,3,1,0,0,0,0,1
12454,6,2,6,3,3,4,3,1,0,0,0,0,1,1
12470,3,3,6,1,3,2,5,3,1,0,0,0,0,2
12475,1,1,6,1,3,1,3,3,0,0,0,1,1,4
12486,1,1,6,1,3,2,3,3,0,0,0,1,0,3
12487,1,7,2,1,3,2,3,3,0,0,0,1,0,5
12510,6,8,6,3,3,4,1,3,1,1,1,1,1,5
12516,2,2,6,1,3,2,5,3,1,1,1,0,0,1
12518,2,5,3,1,3,4,6,3,0,0,0,1,0,4
12523,6,1,6,3,3,4,1,3,1,0,1,1,0,1
12529,1,1,1,2,3,1,3,3,0,0,0,1,1,3
12535,1,1,4,3,3,2,3,3,0,0,0,1,1,3
12538,6,8,6,3,3,4,1,1,1,1,1,1,1,4
12556,1,1,6,2,3,1,3,3,0,0,0,1,1,4
12558,6,4,6,3,3,4,3,3,0,0,0,1,1,3
12560,1,7,6,2,3,1,2,2,0,0,0,1,0,1
12573,1,7,2,2,3,1,3,3,0,0,0,1,1,1
12580,3,3,6,1,3,2,3,3,0,0,0,1,1,1
12601,6,9,6,3,3,4,1,1,1,0,0,0,0,3
12610,6,8,1,3,3,4,1,3,0,0,0,1,0,3
12612,1,1,6,2,3,2,2,3,0,0,1,0,0,1
12616,3,3,6,2,3,1,4,3,0,0,0,1,1,1
12617,6,8,6,3,3,4,1,3,1,1,0,1,1,4
12620,3,3,6,1,3,1,4,3,1,0,0,1,0,4
12622,6,8,6,3,3,4,1,3,0,1,1,1,1,5
12639,1,6,6,1,3,4,6,3,0,0,0,1,0,4
12644,1,5,1,3,3,4,3,3,0,0,0,1,1,4
12648,2,1,6,1,3,4,3,2,1,0,0,1,0,2
12656,2,1,6,2,3,1,3,3,1,0,0,1,1,2
12658,3,3,6,1,3,1,3,3,1,1,1,0,0,2
12663,6,9,6,3,3,4,1,1,1,1,1,1,1,5
12680,6,8,6,3,3,4,1,3,0,0,0,1,0,4
12695,3,3,6,1,3,2,3,3,1,1,1,1,0,5
12718,1,1,1,3,3,4,3,3,0,0,0,1,1,4
12728,1,7,5,3,3,4,2,2,0,0,0,1,1,4
12735,3,3,6,3,3,2,3,3,0,0,0,1,1,3
12748,1,6,6,1,3,2,3,3,0,0,1,1,0,1
12753,6,2,6,3,3,4,1,1,0,0,0,1,1,2
12765,6,1,6,3,3,4,1,3,0,0,0,1,1,4
12797,6,6,6,3,3,4,3,3,0,0,1,1,0,1
12800,1,6,6,2,3,1,3,3,0,0,0,1,1,5
12802,2,1,6,1,3,2,3,1,0,0,0,1,0,3
12803,1,7,6,1,3,1,6,1,0,0,0,1,0,4
12817,1,7,3,1,3,1,3,3,1,0,0,1,1,1
12818,2,1,6,1,3,2,3,3,0,0,1,1,0,5
12832,6,8,6,3,3,4,1,1,1,1,0,1,1,3
12836,3,3,2,1,3,1,3,3,1,0,0,0,0,1
12839,1,6,2,2,3,1,3,3,0,0,0,1,0,5
12845,3,3,6,1,3,1,3,3,0,0,1,1,0,5
12866,3,3,6,1,3,2,3,3,1,1,0,0,0,4
12872,6,7,1,3,3,4,3,3,0,0,1,1,1,4
12878,6,4,6,3,3,4,3,3,0,0,0,1,1,3
12880,6,4,1,3,3,4,3,1,0,0,0,0,1,1
12886,6,3,6,3,3,4,3,1,1,0,0,1,0,3
12887,1,6,6,2,3,2,3,3,0,0,0,1,0,4
12889,2,2,2,1,3,4,6,2,1,0,0,0,0,2
12902,6,12,1,3,3,4,3,3,0,0,0,1,1,5
12906,6,4,6,3,3,4,3,3,0,0,0,0,1,5
12910,1,6,6,2,3,1,3,3,0,0,0,1,1,4
12923,1,1,6,1,3,1,2,3,0,0,0,1,1,3
12924,1,1,6,1,3,1,3,3,1,1,1,1,1,3
12937,6,8,6,3,3,4,1,3,0,0,1,1,1,5
12952,3,4,6,1,3,2,3,3,1,1,1,0,0,4
12957,2,5,6,1,3,1,5,2,1,0,1,0,0,5
12963,6,12,1,3,3,4,3,3,0,0,0,1,1,4
12968,1,1,7,3,3,2,3,3,0,0,0,1,1,4
12981,6,6,3,3,3,4,3,3,1,1,1,1,0,4
12985,6,2,5,3,3,4,3,3,0,0,0,0,1,2
12993,6,4,2,3,3,4,3,3,0,0,0,1,1,2
13002,6,1,6,3,3,4,1,3,0,0,0,1,1,5
13006,6,4,6,3,3,4,3,1,0,0,1,1,1,1
13017,6,8,1,3,3,4,1,1,0,0,0,1,0,3
13032,1,6,6,2,3,1,3,3,0,0,0,1,1,2
13036,3,3,1,3,3,2,5,3,1,1,0,0,0,3
13059,1,6,6,3,3,1,3,3,0,0,0,1,1,3
13062,6,2,6,3,2,4,3,3,0,0,0,0,1,2
13064,1,1,3,1,3,2,3,3,1,1,0,0,0,1
13100,1,6,2,2,3,1,3,3,0,0,0,1,1,2
13117,2,2,6,1,3,2,3,3,1,1,0,1,0,4
13121,3,3,6,1,3,1,4,3,1,1,1,0,0,5
13128,1,5,4,3,3,1,2,3,0,0,0,0,1,5
13141,6,9,6,3,3,4,1,1,0,0,0,1,1,3
13142,1,6,1,2,3,1,3,3,0,0,0,1,1,4
13153,6,4,6,3,3,4,3,3,0,0,0,1,1,3
13163,2,2,3,1,3,1,6,3,1,0,0,0,0,2
13165,1,7,6,2,3,1,2,3,0,0,0,1,1,5
13173,1,6,2,2,3,1,3,3,0,0,1,1,1,4
13174,6,10,6,3,3,4,3,3,0,0,0,0,1,4
13176,3,2,6,1,3,1,4,3,1,0,1,0,0,2
13183,6,6,6,3,3,4,3,3,1,0,1,1,0,3
13197,2,5,3,1,3,1,3,3,1,0,0,1,0,3
13198,1,1,6,3,3,2,3,3,0,0,0,1,1,3
13199,6,4,4,3,3,4,6,1,0,0,0,1,1,4
13207,2,1,6,1,3,2,3,3,0,0,1,1,0,2
13220,3,4,6,1,3,1,5,3,1,1,0,0,0,4
13222,2,2,6,1,3,2,6,3,0,0,1,1,0,4
13225,1,6,2,1,3,1,3,3,1,0,0,1,0,3
13231,6,4,6,3,3,4,1,1,1,0,0,1,0,4
13249,1,1,6,3,3,1,2,3,0,0,0,1,1,4
13253,2,1,6,1,3,2,3,3,1,0,0,1,0,4
13256,3,3,2,1,3,1,3,3,1,1,0,0,0,1
13268,6,4,1,3,3,4,3,3,0,0,0,0,1,2
13272,1,6,2,3,3,1,3,3,0,0,0,1,1,4
13292,1,1,1,3,3,1,3,2,0,0,0,0,1,2
13294,2,5,6,3,3,2,3,3,0,0,0,1,1,3
13295,1,6,2,2,3,1,3,3,0,0,0,1,1,4
13309,2,1,6,1,3,2,3,3,1,0,1,0,0,5
13344,1,1,1,2,3,1,3,3,0,0,0,1,1,2
13347,1,5,2,3,3,1,3,3,0,0,0,0,1,1
13348,3,3,6,1,3,1,3,3,1,0,0,1,0,4
13349,6,2,2,3,3,4,3,3,0,0,0,1,1,1
13352,1,5,6,3,3,1,3,3,0,0,1,0,1,4
13355,6,6,6,3,3,4,3,3,1,1,1,1,0,3
13364,1,5,6,3,3,4,3,3,1,1,0,0,0,1
13366,1,1,6,1,3,1,3,3,1,0,0,0,0,1
13382,6,2,6,3,3,4,3,3,0,0,0,1,0,3
13390,2,2,4,2,3,2,6,3,0,0,1,1,0,5
13392,3,3,6,1,3,2,3,3,1,0,0,1,0,2
13402,2,5,6,3,3,4,6,3,0,0,0,1,0,4
13407,1,1,2,1,3,1,2,3,0,0,0,1,1,1
13409,1,7,6,3,3,4,3,3,0,0,0,1,1,4
13425,6,8,6,3,3,4,1,3,1,1,0,1,1,3
13430,6,4,6,3,3,4,1,3,0,0,0,1,1,2
13431,3,6,2,1,3,1,6,3,1,1,0,1,0,3
13433,6,4,6,3,3,4,3,3,0,0,0,1,1,3
13438,6,2,6,3,3,4,3,3,0,0,0,1,1,2
13446,2,5,6,1,3,1,6,3,1,0,0,0,0,2
13448,6,2,1,3,3,4,3,3,0,0,0,0,1,2
13451,2,2,3,1,3,4,3,2,1,0,0,1,0,3
13472,3,3,6,1,3,1,4,3,1,1,1,1,0,5
13476,3,3,6,1,3,2,3,3,1,0,0,1,0,2
13482,1,7,2,3,3,1,3,3,0,0,0,1,1,1
13483,2,2,1,3,3,4,3,3,0,0,1,1,1,3
13484,2,2,1,2,3,1,3,3,0,0,0,1,1,2
13493,6,1,6,3,3,4,1,1,0,0,0,0,1,3
13504,6,2,6,3,3,4,3,3,0,0,0,1,1,3
13505,1,6,6,2,3,1,3,3,0,0,0,0,1,4
13506,6,4,6,3,3,4,3,3,0,0,0,1,1,5
13512,6,4,4,3,3,4,6,3,0,0,0,0,1,2
13537,1,6,2,3,3,1,3,3,0,0,0,1,1,4
13539,3,3,6,1,3,1,3,3,1,0,0,1,0,3
13550,1,6,2,3,3,1,3,3,0,0,0,1,1,4
13559,3,3,6,1,3,1,3,3,1,1,1,0,0,2
13572,6,2,1,3,3,4,3,1,0,0,0,1,1,1
13584,1,7,4,1,3,1,2,3,0,0,1,0,0,1
13586,1,6,3,2,3,1,3,3,0,0,1,1,1,5
13589,3,3,6,1,3,2,3,3,1,0,0,0,0,2
13594,2,2,4,1,3,4,2,3,0,0,0,1,0,2
13604,1,1,2,1,3,2,2,3,0,0,0,1,1,3
13605,2,5,6,1,3,1,6,3,1,0,0,1,0,4
13615,2,1,6,1,3,2,3,3,1,0,0,0,0,1
13618,3,3,6,1,3,1,5,3,1,1,1,0,0,1
13619,6,4,6,3,3,4,3,3,0,0,0,1,1,2
13622,6,3,3,3,3,4,3,1,1,1,0,1,1,2
13624,6,4,6,3,3,4,3,3,0,0,0,1,1,3
13625,2,5,6,1,3,2,4,1,0,0,0,1,1,3
13662,2,5,1,1,3,2,6,3,0,0,1,1,0,4
13670,2,1,6,1,3,2,3,3,1,0,0,1,0,2
13676,2,5,6,1,3,1,6,3,1,0,1,0,0,4
13702,6,2,6,3,1,4,3,2,0,0,0,1,1,3
13720,1,7,6,2,3,1,3,3,0,0,0,1,0,3
13727,1,5,2,3,3,4,3,3,0,0,0,1,1,4
13732,2,5,6,1,3,2,6,3,1,0,0,1,0,3
13733,2,2,6,1,3,2,3,3,1,0,1,1,0,4
13742,1,1,6,2,3,3,3,3,0,0,0,1,1,2
13754,2,3,6,2,3,1,3,3,0,0,0,1,1,4
13767,2,5,6,1,3,1,6,3,0,0,0,1,1,4
13769,6,2,1,3,3,4,3,3,0,0,0,1,1,4
13791,2,5,6,1,3,1,6,3,1,1,0,0,0,5
13792,3,3,6,1,3,2,5,3,1,1,1,0,0,5
13798,6,8,6,3,3,4,1,3,0,0,0,1,1,4
13804,6,1,1,3,3,4,1,1,0,0,0,0,1,1
13806,6,2,6,3,3,4,4,3,0,0,0,1,0,3
13816,6,8,6,3,3,4,1,3,1,1,0,1,0,1
13821,1,6,1,1,3,2,3,2,0,0,0,1,1,4
13844,1,7,6,1,3,1,3,3,1,0,0,1,0,5
13847,2,2,6,1,3,1,6,3,0,0,0,1,0,3
13854,3,3,6,1,3,1,1,3,1,1,1,1,1,5
13855,1,6,2,1,3,1,3,3,1,1,1,1,0,4
13864,6,10,1,3,3,4,1,3,1,1,1,1,1,5
13875,3,3,6,1,3,2,5,3,1,1,0,0,0,4
13877,2,1,7,1,3,2,3,1,1,1,1,0,0,1
13892,6,4,2,3,3,4,3,3,0,0,0,0,1,4
13893,3,6,3,2,3,1,3,3,1,0,0,1,0,2
13901,6,2,1,3,3,4,3,3,0,0,1,1,0,3
13903,6,4,6,3,3,4,1,3,0,0,0,1,1,4
13913,1,1,6,2,3,1,3,3,0,0,0,1,1,3
13916,1,7,1,3,3,4,3,1,0,0,0,0,1,2
13917,6,3,6,3,3,4,3,3,0,0,0,0,1,4
13918,2,5,6,1,3,1,6,3,0,0,0,1,0,5
13927,1,6,2,2,3,1,3,3,0,0,0,1,1,4
13934,6,3,6,3,3,4,3,1,0,0,0,1,1,3
13940,6,8,6,3,3,4,1,1,0,0,0,1,0,1
13987,2,3,6,1,3,1,3,3,1,0,1,1,0,3
13993,1,1,4,2,3,1,3,3,0,0,0,0,1,3
14000,1,6,6,2,3,1,3,3,0,0,0,1,1,3
14002,2,2,6,1,3,2,6,3,1,0,1,1,0,4
14007,6,4,6,3,3,4,3,3,0,0,1,0,1,5
14009,1,1,2,3,3,1,2,3,0,0,0,1,1,4
14015,6,10,6,3,3,4,1,3,1,0,0,1,1,5
14018,3,3,6,1,3,2,3,3,1,0,0,1,0,4
14030,2,5,6,1,3,2,6,3,0,0,0,1,1,4
14036,2,5,6,1,3,4,6,3,1,1,1,0,0,5
14043,3,3,4,1,3,1,3,3,1,0,0,1,0,2
14084,3,3,6,1,3,2,3,3,1,0,0,1,1,2
14113,6,8,6,3,3,4,1,3,1,1,1,1,1,4
14119,6,2,6,3,3,4,3,3,0,0,0,1,1,5
14136,1,1,6,1,3,1,3,3,1,0,0,1,0,2
14137,6,8,6,3,3,4,3,3,1,0,1,1,1,4
14153,3,6,4,1,3,1,6,2,0,0,0,1,1,3
14163,6,4,1,3,3,4,3,3,0,0,0,1,1,2
14165,3,3,6,1,3,1,4,3,1,0,0,0,0,4
14209,1,6,6,1,3,1,3,3,0,0,1,1,0,2
14218,1,1,6,3,3,2,3,3,0,0,0,1,1,4
14231,2,5,6,1,3,2,3,3,1,0,0,0,0,2
14241,1,7,6,2,3,1,3,1,0,0,0,1,1,4
14263,2,2,6,1,3,2,6,3,1,0,1,0,0,2
14267,2,2,2,2,3,1,6,3,0,0,0,1,1,5
14270,3,3,6,1,3,1,4,3,1,1,1,0,0,4
14281,1,6,1,3,3,1,3,3,0,0,0,0,1,5
14288,3,6,6,1,3,1,6,2,1,0,1,1,0,4
14293,1,1,6,1,3,2,2,2,0,0,0,1,1,3
14295,3,3,2,1,3,1,5,3,1,1,0,0,0,3
14297,6,2,6,3,3,4,3,3,1,0,0,0,0,1
14298,6,4,3,3,3,4,3,1,0,0,1,1,1,4
14308,3,3,1,1,3,2,3,3,0,0,0,1,0,2
14310,2,5,3,1,3,1,6,3,1,0,0,1,0,4
14317,1,7,6,3,3,1,3,1,0,0,0,1,1,4
14332,6,2,2,3,3,4,3,3,0,0,0,0,1,2
14337,6,2,4,3,3,4,3,1,0,0,0,1,0,2
14344,6,4,6,3,3,4,3,3,0,0,1,1,1,4
14346,2,5,6,1,3,1,6,3,0,0,0,1,0,2
14348,2,3,1,1,3,1,6,3,1,0,0,1,0,4
14357,6,2,1,3,3,4,3,3,0,0,0,1,1,2
14365,6,4,6,3,3,4,2,3,0,0,1,1,1,4
14370,6,8,6,3,3,4,1,1,0,0,1,1,1,3
14371,3,3,2,1,3,1,3,3,1,1,1,1,0,4
14372,1,6,2,2,3,1,3,3,0,0,0,1,1,5
14373,6,2,4,3,3,4,3,3,0,0,0,1,1,5
14374,1,1,6,1,3,2,3,1,0,0,0,1,1,4
14380,6,8,6,3,3,4,1,1,1,1,1,1,1,5
14398,1,5,2,3,3,4,3,1,0,0,0,0,1,4
14408,2,1,1,1,3,2,3,2,1,0,0,0,0,2
14413,1,6,6,3,3,4,3,3,0,0,0,1,1,3
14417,2,2,3,1,3,2,6,3,0,0,0,1,0,3
14424,1,6,6,2,3,1,3,3,0,0,0,1,1,4
14425,1,6,2,3,3,1,3,3,0,0,0,0,1,1
14433,1,5,6,2,3,1,3,3,0,0,0,1,1,4
14435,6,4,6,3,3,4,1,3,0,0,0,1,1,3
14447,2,3,2,3,3,2,3,3,1,1,0,1,0,3
14456,1,6,2,3,3,1,3,3,0,0,0,1,1,4
14495,2,1,6,1,3,2,3,3,1,0,1,0,0,3
14508,1,6,6,3,3,1,3,3,1,0,0,1,0,3
14527,3,3,4,1,3,4,2,3,0,0,0,1,0,3
14544,1,1,1,3,3,1,2,3,0,0,0,1,1,1
14558,1,6,6,2,3,1,2,3,0,0,0,1,0,4
14567,2,2,6,1,3,4,6,3,0,0,1,1,0,4
14578,1,6,6,2,3,1,3,3,0,0,0,1,1,5
14583,6,4,4,3,3,4,1,3,0,0,1,1,1,4
14585,6,7,3,3,3,4,3,3,1,0,1,0,0,2
14593,1,6,6,2,3,1,3,3,0,0,0,0,1,2
14615,6,2,6,3,3,4,3,3,0,0,0,1,1,4
14633,1,1,1,2,3,1,2,3,0,0,0,1,1,1
14641,6,4,6,3,3,4,3,3,0,0,1,1,1,4
14659,6,2,6,3,3,4,3,1,0,0,0,1,1,5
14666,2,1,6,1,3,2,3,3,0,0,1,1,0,3
14667,6,2,5,3,3,4,3,3,0,0,0,1,1,4
14669,6,2,5,3,3,4,2,2,0,0,0,1,1,4
14682,1,1,2,3,3,4,3,3,0,0,1,1,1,4
14686,1,6,6,1,3,1,6,3,0,0,0,1,0,4
14690,6,4,6,3,3,4,3,3,0,0,0,1,1,3
14706,3,3,6,1,3,1,3,3,1,1,0,0,0,3
14725,1,6,6,1,3,2,3,3,1,0,0,1,0,4
14726,6,2,1,3,3,4,3,3,0,0,0,1,1,4
14728,3,3,6,1,3,2,3,3,1,0,0,0,0,1
14736,6,2,2,3,3,4,3,3,0,0,0,1,1,4
14741,2,5,3,1,3,1,3,3,1,0,1,0,0,4
14767,1,7,2,3,3,2,3,2,0,0,0,1,1,4
14772,6,4,6,3,3,4,3,3,0,0,0,0,1,2
14773,1,1,2,1,3,1,3,3,1,0,0,1,0,3
14775,1,5,4,3,3,4,3,3,0,0,0,1,1,5
14776,6,7,6,3,3,4,3,3,0,0,1,0,1,3
14785,6,3,2,3,3,4,3,1,1,0,1,1,0,4
14787,2,2,6,1,3,2,6,3,1,0,0,0,0,1
14804,3,3,6,1,3,1,6,3,0,1,0,0,0,2
14808,2,2,3,1,3,4,2,2,0,0,0,0,1,5
14813,1,6,1,2,3,1,3,3,0,0,0,1,1,1
14814,2,2,6,1,3,1,5,3,1,1,0,0,0,4
14817,1,8,6,2,3,1,6,3,1,1,1,1,1,5
14821,2,5,6,3,3,1,6,3,0,0,0,1,1,5
14823,2,2,4,1,3,4,2,3,1,0,0,0,0,3
14825,1,1,4,3,3,4,3,3,0,0,0,1,1,1
14829,2,3,6,1,3,1,3,3,1,1,0,1,0,4
14831,1,7,4,2,3,1,2,3,0,0,0,1,0,4
14833,3,3,6,1,3,2,3,3,1,1,0,0,0,5
14862,1,6,2,2,3,2,3,3,0,0,0,1,1,5
14865,6,2,1,3,3,4,3,3,0,0,0,1,1,2
14876,6,9,6,3,3,4,1,1,0,0,1,1,1,4
14884,6,4,2,3,3,4,1,1,0,0,0,1,1,5
14890,1,5,2,3,3,4,3,3,0,0,0,1,1,5
14897,6,4,1,3,3,4,3,3,0,0,1,1,1,2
14904,1,6,2,2,3,1,3,3,0,0,0,1,1,4
14918,6,4,6,3,3,4,3,3,0,0,0,1,1,5
14927,1,5,2,3,3,4,3,3,0,0,0,1,1,3
14934,3,3,6,1,3,1,1,3,1,0,0,1,0,4
14943,6,2,4,3,3,4,3,1,0,0,0,1,1,5
14947,2,3,3,1,3,2,3,3,1,1,1,0,0,3
14958,2,5,6,1,3,1,6,3,1,1,1,1,1,4
14962,1,6,3,2,3,1,3,3,0,0,0,1,1,5
14963,1,7,2,2,3,1,3,2,0,0,0,1,1,2
14993,6,8,6,3,3,4,1,1,0,0,0,1,0,4
14994,1,6,2,2,3,1,3,3,0,0,0,0,1,1
15004,1,6,7,1,3,2,3,3,1,0,1,1,0,4
15014,6,2,4,3,3,4,3,3,0,0,1,1,1,1
15028,1,1,6,1,3,2,3,3,0,0,1,1,0,3
15033,6,2,1,3,3,4,1,2,0,0,0,1,1,2
15039,6,2,6,3,3,4,3,3,1,1,1,1,1,4
15049,6,2,4,3,3,4,6,3,0,0,0,1,1,3
15055,6,3,6,3,3,4,3,1,1,0,0,1,0,4
15062,2,2,2,1,3,2,6,2,0,0,0,1,0,3
15070,2,1,6,1,3,2,3,1,0,0,0,1,0,4
15073,1,5,2,3,3,4,3,3,0,0,0,0,1,4
15093,1,5,2,3,3,4,3,3,0,0,1,1,1,2
15104,6,4,2,3,3,4,3,3,0,0,0,0,1,3
15107,6,2,5,3,3,4,2,3,0,0,0,1,1,2
15136,6,3,6,3,3,4,3,3,1,1,1,1,1,3
15153,2,2,2,1,3,4,6,3,1,1,1,0,0,2
15157,1,6,6,1,3,1,3,3,1,1,0,1,0,4
15174,1,6,6,2,3,2,3,3,0,0,0,1,1,4
15202,1,6,6,2,3,1,3,3,0,0,0,1,1,4
15206,1,5,6,3,3,4,3,3,0,0,0,1,1,4
15212,2,5,6,1,3,1,6,3,0,0,1,1,0,5
15215,6,8,6,3,3,4,1,1,0,0,0,1,0,5
15237,2,5,6,1,3,2,6,1,0,0,1,0,0,1
15256,3,3,6,1,3,2,3,3,0,0,1,1,0,2
15259,6,10,6,3,3,4,1,3,1,1,1,1,1,4
15263,1,6,3,2,3,2,3,3,0,0,0,0,1,3
15271,1,5,3,3,3,1,3,3,0,0,0,1,1,4
15285,1,1,3,1,3,1,3,3,0,0,0,1,0,2
15322,1,6,1,2,3,1,3,3,0,0,0,1,1,3
15331,6,2,6,2,3,4,3,3,1,0,0,0,0,2
15333,1,6,2,2,3,1,3,3,0,0,1,1,1,3
15354,1,6,1,2,3,1,3,3,0,0,0,1,1,5
15359,1,1,2,1,3,4,3,3,0,0,0,1,1,4
15365,1,5,6,3,3,4,3,3,0,0,1,0,0,3
15366,1,1,6,3,3,4,3,3,0,0,0,0,1,4
15373,2,5,3,1,3,1,6,3,1,0,0,0,0,4
15386,6,4,6,3,3,4,3,3,0,0,0,1,1,4
15387,6,2,6,3,3,4,3,1,0,0,1,1,1,4
15396,1,6,2,3,3,1,3,3,0,0,0,1,1,3
15400,1,6,6,2,3,2,3,3,0,0,0,1,1,4
15404,2,1,7,1,3,2,3,3,0,0,0,1,0,3
15411,3,3,6,1,3,2,4,3,1,0,0,0,0,5
15426,6,5,6,3,3,4,3,3,1,1,0,1,0,4
15433,6,8,6,3,3,4,1,1,1,1,0,1,1,3
15436,2,5,6,1,3,1,3,3,0,0,1,1,0,3
15437,1,5,3,3,3,4,3,3,0,0,0,0,1,4
15438,1,6,2,2,3,1,3,3,0,0,1,0,0,1
15439,6,3,7,3,3,4,3,1,1,0,0,1,1,1
15443,2,5,1,1,3,1,5,3,1,0,1,1,0,4
15445,3,3,6,1,3,1,3,3,1,0,0,1,0,4
15461,3,3,6,1,3,2,4,3,1,1,1,0,0,3
15466,1,7,6,1,3,2,3,1,0,0,0,1,0,5
15474,2,5,6,1,3,1,6,3,0,0,0,1,0,5
15488,1,6,2,2,3,1,3,3,0,0,0,0,1,2
15489,1,6,3,2,3,1,3,3,0,0,1,1,1,3
15491,1,6,3,2,3,1,3,3,0,0,0,1,1,5
15494,1,6,2,2,3,1,3,3,1,0,0,0,0,1
15502,1,6,6,2,3,2,3,3,0,0,0,0,1,2
15504,6,2,6,3,3,4,2,3,0,0,0,1,1,4
15506,1,1,2,3,3,1,3,3,0,0,0,1,1,3
15512,1,1,2,2,3,2,2,3,0,0,0,1,1,1
15535,1,6,1,2,3,2,3,3,0,0,0,1,1,2
15545,3,6,6,1,3,2,3,2,1,0,1,0,0,2
15546,6,4,1,3,3,4,3,3,0,0,0,1,1,2
15557,3,1,6,1,3,2,3,3,1,0,1,0,0,4
15572,1,5,2,3,3,4,3,3,0,0,0,1,1,3
15573,6,4,6,3,3,4,3,3,0,0,0,1,1,4
15602,3,3,1,1,3,1,4,3,0,0,1,1,1,4
15606,3,2,6,1,3,1,4,3,1,1,0,0,0,4
15616,1,1,6,3,3,2,3,3,0,0,0,0,1,3
15617,1,1,6,2,3,2,3,3,0,0,0,1,1,3
15627,2,2,3,1,3,1,6,3,0,0,0,1,0,4
15636,2,2,6,1,3,1,6,3,1,0,0,1,0,4
15639,3,3,6,1,3,1,3,3,0,0,1,0,0,3
15645,3,3,6,1,3,2,4,3,1,1,1,0,0,5
15651,1,6,2,2,3,1,3,3,0,0,0,1,1,1
15657,6,10,6,3,3,4,3,3,0,0,0,1,0,2
15664,1,6,6,1,3,4,3,3,0,0,0,0,1,3
15676,2,3,2,1,3,1,3,3,1,0,1,0,0,3
15678,1,1,6,1,3,1,3,3,0,0,1,1,0,3
15684,6,2,4,3,3,4,3,3,0,0,0,0,1,2
15686,3,3,6,1,3,2,3,3,1,1,0,1,0,4
15691,6,2,1,3,3,4,3,1,0,0,0,0,1,2
15695,1,1,7,2,3,2,3,3,0,0,0,1,1,5
15700,1,6,6,2,3,1,3,3,0,0,0,1,1,3
15706,2,1,6,1,3,2,3,3,1,0,0,1,1,2
15709,1,4,6,1,3,1,3,3,1,0,0,1,0,4
15712,6,4,3,3,3,4,3,1,0,0,0,0,1,1
15713,6,2,3,3,3,4,3,3,0,0,0,0,1,2
15717,2,2,6,1,3,1,3,3,1,1,1,0,0,5
15721,2,1,6,1,3,1,4,3,1,1,0,1,1,2
15733,3,3,1,3,3,4,3,1,0,0,0,0,1,2
15739,1,6,3,1,3,2,3,3,0,0,0,1,0,3
15749,6,3,2,3,3,4,3,1,1,0,1,1,1,5
15753,6,8,6,3,3,4,3,1,1,0,0,1,1,4
15755,6,4,2,3,3,4,3,3,0,0,0,0,1,2
15764,6,5,6,3,3,4,3,1,1,0,0,1,1,4
15765,6,4,6,3,3,4,3,3,0,0,0,0,1,3
15771,1,6,2,3,3,1,3,2,0,0,0,1,1,3
15773,1,5,2,3,3,4,3,3,0,0,0,0,1,1
15779,2,3,2,1,3,1,3,3,1,0,0,1,0,3
15782,6,8,6,3,3,4,1,3,0,0,1,1,1,5
15785,6,7,1,3,3,4,3,3,0,0,1,1,1,2
15794,1,7,6,1,3,1,2,1,0,0,0,1,1,2
15807,2,2,6,1,3,4,3,3,1,0,0,1,0,3
15815,1,6,2,3,3,1,3,3,0,0,0,0,1,2
15826,6,8,6,3,3,4,1,1,1,0,1,1,1,5
15827,1,1,6,3,3,2,3,3,0,0,0,1,1,3
15831,1,6,2,3,3,1,3,3,0,0,0,1,1,2
15833,6,2,6,3,3,4,4,1,0,0,0,1,0,5
15836,2,1,6,1,3,2,3,3,0,0,0,1,0,3
15848,6,5,6,3,3,4,3,3,0,1,1,1,0,3
15866,1,1,4,1,3,1,3,1,0,0,0,1,1,3
15867,1,1,3,1,3,4,3,3,0,0,0,1,1,5
15876,1,7,6,2,3,4,3,3,0,0,0,1,1,3
15877,1,1,2,2,3,1,3,3,0,0,0,1,1,5
15888,2,3,6,1,3,2,3,3,1,0,0,1,0,4
15902,2,3,2,1,3,1,3,3,0,0,0,1,1,2
15905,1,6,2,2,3,1,3,3,0,0,0,0,1,4
15920,2,2,6,1,3,1,6,2,1,1,0,0,0,3
15925,6,2,3,3,3,4,4,3,0,0,0,1,1,3
15928,3,3,6,1,3,1,5,3,1,1,0,0,0,3
15935,6,3,6,3,3,4,4,1,1,0,0,1,1,4
15952,3,6,2,1,3,2,3,2,1,1,0,0,0,4
15954,1,7,7,3,3,2,3,3,0,0,0,0,1,4
15959,6,12,6,3,3,4,3,2,0,0,1,0,1,2
15961,1,5,3,1,3,1,3,3,0,0,0,1,1,5
15965,6,4,6,3,3,4,3,1,0,0,0,0,1,1
15973,6,10,6,3,3,4,1,3,0,0,1,1,0,4
15985,1,5,4,3,3,4,6,3,0,0,0,0,1,3
15987,1,7,1,1,3,1,3,3,0,0,0,1,1,4
15989,1,1,4,1,3,2,2,3,1,0,0,0,0,1
15990,6,2,3,3,3,4,2,3,0,0,0,1,0,3
15993,2,3,6,1,3,1,6,3,1,1,0,1,0,4
16006,2,1,6,1,3,2,3,3,1,0,0,1,0,4
16007,3,3,6,1,3,2,3,3,0,0,0,0,1,2
16009,6,2,6,3,3,4,1,3,0,0,0,1,1,5
16038,6,10,6,3,3,4,1,3,0,0,0,0,1,5
16044,2,3,2,1,3,1,3,3,1,0,0,0,0,5
16045,3,3,1,1,3,1,3,3,1,0,0,0,0,1
16053,1,1,1,1,3,1,2,3,0,0,1,1,1,3
16068,3,3,6,1,3,1,1,3,1,0,1,0,0,4
16075,1,1,1,1,3,1,2,3,0,0,0,1,1,5
16076,6,10,1,3,3,4,3,3,0,0,1,0,0,1
16084,3,3,6,1,3,1,4,3,1,0,1,0,0,5
16086,1,1,1,3,3,2,2,3,0,0,1,0,0,1
16089,1,1,6,1,3,1,2,2,1,0,0,0,0,1
16090,6,4,1,3,3,4,3,3,0,0,0,1,1,4
16096,6,4,2,3,3,4,1,3,0,0,0,1,1,3
16099,1,6,2,2,3,1,3,3,0,0,0,1,1,4
16110,1,6,6,1,3,2,4,3,1,0,1,1,1,3
16128,6,3,1,3,3,4,3,3,0,0,0,1,1,4
16132,6,4,2,3,3,4,3,3,0,0,0,1,1,3
16133,6,3,7,3,3,4,3,1,0,0,0,1,0,2
16134,1,1,3,2,3,2,2,3,0,0,0,1,1,4
16139,1,6,2,3,3,1,3,3,0,0,0,1,1,4
16154,3,3,6,1,3,1,3,3,0,0,0,1,1,4
16159,1,6,5,3,3,2,3,1,0,0,0,1,1,4
16161,1,6,2,3,3,4,3,3,0,0,0,0,1,2
16168,6,2,4,3,3,4,2,3,0,0,0,0,1,2
16171,3,3,3,1,3,1,3,3,1,1,0,0,0,4
16176,2,2,6,1,3,4,6,3,0,0,0,1,1,1
16184,6,4,6,3,3,4,3,3,0,0,0,1,1,4
16188,1,7,1,3,3,1,3,3,0,0,0,0,1,1
16207,3,3,6,1,3,2,3,3,0,0,1,1,0,2
16227,2,4,6,1,3,4,3,3,0,0,0,1,0,5
16232,3,1,6,1,3,1,3,3,1,1,1,0,0,4
16234,1,6,2,2,3,1,3,3,0,0,0,1,0,4
16239,6,8,6,3,3,4,1,1,1,0,0,1,1,4
16246,1,7,2,3,3,4,3,1,0,0,0,0,1,2
16259,1,6,2,3,3,1,3,3,0,0,0,0,1,1
16272,2,4,2,2,3,1,3,3,0,0,1,0,1,2
16277,3,3,6,1,3,1,3,3,0,0,1,0,0,3
16278,1,1,2,1,3,1,3,3,1,0,1,1,0,1
16279,1,6,6,3,3,4,3,3,0,0,0,0,1,3
16280,6,4,6,3,3,4,3,3,0,0,0,0,1,2
16282,1,6,6,1,3,1,3,1,1,0,0,1,1,5
16302,1,6,6,1,3,2,3,3,1,0,1,1,0,4
16304,1,1,2,2,3,1,3,3,0,0,0,1,1,2
16310,1,6,2,2,3,1,3,3,1,1,1,1,1,4
16321,1,5,6,3,3,1,6,1,1,0,0,0,0,3
16325,1,6,6,2,3,4,3,3,0,0,0,1,1,4
16355,1,6,1,2,3,1,3,3,0,0,0,1,1,4
16368,6,1,6,3,3,4,1,3,0,0,0,0,1,3
16369,6,4,6,3,3,4,3,3,0,0,0,1,1,3
16370,6,4,6,3,3,4,3,3,0,0,0,1,1,4
16372,1,7,6,2,3,1,3,1,0,0,0,1,1,5
16387,6,10,6,3,3,4,4,3,1,0,0,1,0,3
16392,3,3,6,1,3,2,4,3,1,1,1,0,0,5
16394,6,4,6,3,3,4,3,3,0,0,1,1,1,4
16400,6,4,1,3,3,4,3,3,0,0,0,0,1,3
16414,3,3,6,1,3,2,3,3,1,1,1,0,0,1
16419,6,10,1,3,3,4,1,3,0,0,0,1,0,1
16434,6,4,2,3,3,4,3,1,0,0,0,0,1,2
16438,1,7,3,1,3,1,3,1,0,0,0,1,1,5
16440,6,6,6,3,3,4,3,3,0,0,0,1,0,1
16443,6,2,7,3,3,4,3,2,0,0,0,1,1,4
16444,6,4,6,3,3,4,3,3,0,0,0,1,1,5
16453,6,11,6,3,3,4,3,3,0,0,1,1,1,2
16473,6,2,3,3,3,4,3,3,0,0,0,0,1,1
16480,6,10,1,3,3,4,3,3,1,0,0,0,0,1
16481,1,6,2,1,3,1,3,3,1,0,0,0,0,3
16502,6,4,3,3,3,4,3,3,0,0,0,0,1,3
16517,3,3,6,1,3,1,3,3,1,0,0,1,0,4
16521,3,3,4,1,3,1,3,3,1,0,0,1,0,3
16549,1,5,2,3,3,4,3,3,0,0,0,1,1,4
16586,6,2,4,3,3,4,6,3,0,0,0,0,1,1
16588,3,6,2,1,3,1,6,3,1,0,0,1,0,2
16590,3,3,2,1,3,1,3,3,1,0,1,1,0,2
16608,2,5,6,1,3,2,6,3,1,0,0,0,0,1
16625,2,2,6,1,3,2,6,3,1,1,0,0,0,1
16629,3,3,6,1,3,2,3,3,0,0,1,1,1,3
16643,1,7,6,2,3,1,3,3,0,0,0,1,1,3
16645,6,2,4,3,3,4,6,1,0,0,0,1,0,4
16652,1,6,2,2,3,1,3,3,0,0,0,0,1,4
16660,6,3,6,3,3,4,3,1,0,0,0,1,1,2
16676,6,10,2,3,3,4,3,3,0,0,0,0,1,2
16681,1,1,1,1,3,2,3,3,0,0,0,1,0,2
16708,3,3,6,1,3,2,4,3,1,0,0,0,0,3
16709,2,5,6,1,3,1,6,3,1,1,1,1,0,5
16730,6,6,6,3,3,4,3,3,1,0,0,1,0,3
16740,1,1,6,3,3,1,3,3,0,0,0,0,1,4
16744,6,3,6,3,3,4,3,1,1,0,1,1,1,5
16746,2,2,1,1,3,4,2,3,0,0,0,1,1,5
16753,3,3,6,1,3,2,4,3,1,1,0,1,0,4
16760,6,2,4,3,3,4,2,3,0,0,0,1,1,2
16781,2,1,6,1,3,2,3,3,0,0,1,1,0,5
16782,6,4,6,3,3,4,1,3,0,0,0,1,1,3
16785,6,10,6,3,3,4,3,1,1,1,0,1,1,5
16801,6,1,4,3,3,4,1,3,0,0,0,1,1,4
16815,2,5,6,1,3,1,6,3,1,0,0,0,0,2
16830,1,5,2,2,3,1,3,3,0,0,0,1,1,3
16858,3,3,6,3,3,4,3,1,0,0,1,1,1,2
16871,6,8,6,3,3,4,1,3,1,0,0,0,0,3
16872,6,2,6,3,3,4,2,3,0,0,0,1,1,4
16883,1,5,6,3,3,1,3,3,0,0,1,1,1,4
16886,1,5,6,3,3,4,3,3,0,0,0,1,1,4
16897,6,6,6,3,3,4,3,3,0,0,0,1,1,3
16899,1,5,6,3,3,4,3,3,0,0,0,1,1,3
16903,2,2,2,1,3,4,6,3,1,1,1,0,0,1
16904,6,4,6,3,3,4,3,3,0,0,0,1,0,1
16908,1,7,6,1,3,4,2,2,0,0,0,1,1,4
16915,3,3,6,1,3,1,5,3,1,1,0,0,0,4
16924,3,3,6,1,3,1,3,3,1,0,0,1,0,4
16931,2,5,3,1,3,1,3,3,1,1,1,1,0,3
16933,2,3,6,1,3,2,3,3,1,1,1,0,0,5
16936,1,6,2,2,3,1,3,3,0,0,0,1,1,1
16937,1,5,2,3,3,4,3,3,0,0,0,1,1,5
16941,6,6,6,3,3,4,3,3,1,1,1,1,0,4
16949,2,2,1,1,3,4,3,3,0,0,1,1,1,1
16956,1,6,6,2,3,2,3,3,0,0,1,1,1,3
16957,3,3,2,2,3,1,1,3,1,1,0,1,0,4
16978,2,5,3,1,3,1,6,3,0,0,0,1,0,3
16985,6,4,6,3,3,4,3,3,0,0,0,1,1,2
16986,1,8,6,2,3,1,6,3,0,0,0,1,1,4
16991,6,8,6,3,3,4,3,1,1,1,1,1,1,3
17004,1,1,6,1,3,2,2,3,0,0,0,1,1,3
17008,6,4,6,3,3,4,3,3,0,0,0,1,1,3
17009,6,2,6,3,3,4,3,3,0,0,1,1,1,1
17011,1,1,4,3,3,1,2,3,0,0,0,1,0,3
17015,2,2,6,1,3,4,3,3,1,0,0,1,0,4
17029,6,2,7,3,3,4,3,3,0,0,0,1,1,3
17041,6,2,6,3,3,4,4,1,0,0,0,1,0,2
17043,3,3,6,1,3,2,3,3,1,1,1,0,0,4
17045,2,2,6,1,3,4,3,2,0,0,0,1,0,4
17046,2,1,6,1,3,2,4,3,1,0,0,0,0,1
17049,6,3,3,3,3,4,3,1,1,0,0,0,0,1
17065,1,7,3,1,3,1,2,2,1,0,0,1,0,2
17095,1,7,1,3,3,2,3,1,0,0,0,1,1,3
17108,1,5,6,3,3,4,3,3,0,0,1,1,1,4
17112,6,2,2,3,3,4,3,3,0,0,0,1,1,2
17115,2,1,6,1,3,2,6,3,0,0,0,1,0,2
17133,6,4,4,3,3,4,1,1,0,0,0,0,1,4
17141,1,1,4,1,3,1,6,3,1,0,0,0,0,1
17143,1,6,2,1,3,1,3,3,0,0,1,0,0,1
17149,1,6,6,2,3,1,3,3,0,0,0,0,1,2
17165,2,2,1,1,3,4,6,3,0,0,1,1,0,3
17176,1,7,1,2,3,4,3,3,0,0,0,1,1,2
17179,2,2,6,1,3,4,3,2,0,0,0,1,0,4
17200,6,8,6,3,3,4,1,1,0,0,1,1,1,4
17244,3,3,2,1,3,1,3,3,1,1,1,0,0,3
17252,1,1,1,3,3,4,3,1,0,0,0,1,1,3
17259,6,2,6,3,3,4,3,1,0,0,0,1,1,4
17260,3,3,6,1,3,2,4,3,1,0,0,1,1,5
17261,6,8,6,3,3,4,3,3,1,0,1,1,1,5
17262,1,7,2,2,3,1,3,3,0,0,1,1,1,2
17281,3,3,6,1,3,1,3,3,1,1,0,0,0,5
17287,1,7,2,1,3,1,3,3,1,1,1,1,0,3
17291,6,5,6,3,3,4,3,3,1,1,1,1,1,5
17302,1,1,1,1,3,1,2,3,0,0,0,1,0,3
17308,1,5,6,3,3,4,3,3,0,0,0,1,1,4
17309,1,9,7,1,3,1,3,3,0,0,1,1,0,3
17322,6,3,2,3,3,4,3,1,0,0,1,1,1,5
17327,6,8,6,3,3,4,1,1,0,0,0,1,0,5
17356,1,6,2,3,3,1,3,3,0,0,1,1,1,5
17359,2,2,6,1,3,4,6,3,0,0,0,1,0,4
17367,6,3,1,3,3,4,3,3,0,0,0,1,1,2
17374,1,1,6,1,3,4,3,3,0,0,0,1,1,4
17382,2,2,1,1,3,4,3,3,0,0,0,1,0,5
17385,1,6,2,3,3,1,3,3,0,0,0,0,1,1
17393,1,6,2,2,3,1,3,3,0,0,0,1,1,3
17401,1,1,1,1,3,1,3,3,1,0,0,1,0,4
17405,6,4,2,3,3,4,3,3,0,0,0,1,1,2
17424,2,3,6,1,3,1,3,3,1,1,1,1,1,5
17430,6,12,1,3,3,4,3,2,0,0,0,0,1,3
17437,3,3,2,2,3,1,3,3,0,0,1,1,0,2
17445,6,8,6,3,3,4,1,3,1,1,0,1,0,4
17450,2,1,6,2,3,1,3,3,0,0,0,1,0,1
17452,2,5,6,1,3,1,6,3,1,1,1,1,0,4
17456,3,3,6,1,3,1,3,3,1,0,0,1,0,4
17461,6,4,6,3,3,4,3,3,0,0,0,1,1,1
17469,2,3,6,1,3,2,3,3,1,0,1,1,0,4
17474,6,3,6,3,3,4,3,1,0,0,0,1,1,3
17477,1,6,6,2,3,1,3,3,0,0,0,1,1,4
17485,1,1,6,1,3,2,2,3,0,0,0,1,1,5
17494,2,1,6,1,3,2,3,3,1,0,0,1,0,4
17505,1,6,6,2,3,1,3,3,0,0,0,1,1,4
17508,1,5,4,3,3,4,2,3,1,0,0,0,0,1
17564,1,6,6,2,3,2,3,3,1,1,1,1,1,4
17573,1,1,2,2,3,2,3,3,0,0,1,1,1,3
17574,6,11,2,3,3,4,3,3,0,0,1,1,1,2
17588,6,3,6,3,3,4,3,1,1,0,1,1,0,3
17590,1,1,6,2,3,1,3,3,0,0,0,1,1,4
17591,1,1,6,3,3,4,3,3,1,0,0,1,0,3
17624,1,5,6,3,3,1,3,3,0,0,0,1,1,3
17627,1,1,2,2,3,1,2,3,0,0,1,1,1,3
17631,2,5,6,1,3,1,3,3,1,0,0,1,0,4
17636,6,8,6,3,3,4,1,1,0,0,0,1,0,3
17639,2,5,6,1,3,1,6,3,1,1,0,0,0,5
17649,1,1,6,3,3,1,2,3,0,0,0,1,1,4
17657,3,3,6,1,3,1,1,3,1,0,0,1,0,4
17682,1,6,2,3,3,1,3,3,0,0,0,0,1,2
17692,3,3,6,1,3,1,5,3,1,0,0,1,0,2
17697,6,4,2,3,3,4,3,3,0,0,0,1,1,5
17701,1,7,6,2,3,1,2,3,0,0,0,0,1,3
17704,3,3,6,1,3,2,3,3,0,0,0,1,0,2
17708,1,1,1,2,3,2,3,3,0,0,0,1,1,1
17710,1,7,6,1,3,1,6,3,1,1,0,0,0,3
17719,6,8,6,3,3,4,1,3,0,0,1,1,0,4
17720,6,7,6,3,3,4,3,3,0,0,0,1,0,1
17727,6,4,2,3,3,4,3,3,0,0,0,0,1,2
17738,6,1,6,3,3,4,1,1,0,0,0,0,1,1
17739,1,7,7,3,3,4,3,3,0,0,0,1,1,2
17756,1,1,6,1,2,2,2,3,0,0,0,1,1,2
17757,1,4,2,2,3,2,3,3,0,0,0,1,1,3
17762,2,3,2,1,3,1,3,2,0,0,0,1,0,2
17776,2,1,7,1,3,2,3,3,1,0,1,1,0,4
17805,6,10,6,3,3,4,3,3,0,0,0,0,1,1
17811,6,4,2,3,3,4,3,1,0,0,0,0,1,4
17812,6,2,3,3,3,4,3,2,0,0,0,1,1,3
17817,1,1,2,1,3,1,2,3,0,0,0,1,1,2
17819,6,2,6,3,3,4,4,3,0,0,0,1,1,1
17848,2,1,6,1,3,2,3,3,1,0,1,1,0,5
17853,6,4,1,3,3,4,2,3,0,0,0,0,1,1
17855,6,3,6,3,3,4,3,1,0,0,1,1,0,3
17859,1,5,2,3,3,4,3,3,0,0,0,1,1,1
17872,3,3,6,1,3,2,1,3,1,0,0,0,0,4
17873,3,3,6,1,3,2,3,3,1,0,1,1,0,4
17881,6,4,2,3,3,4,3,1,0,0,1,1,1,3
17885,6,6,6,3,3,4,3,3,1,0,1,1,1,3
17887,3,3,6,1,3,2,3,3,1,0,1,1,0,4
17891,2,1,1,1,3,2,2,3,0,0,0,1,1,2
17898,1,6,2,1,3,1,3,3,1,0,1,0,0,5
17913,1,7,1,3,3,1,2,3,0,0,0,0,1,3
17914,2,2,4,1,3,4,6,3,0,0,0,1,1,3
17916,1,8,6,1,3,1,6,3,1,0,0,1,0,4
17918,3,6,4,2,3,2,3,2,0,0,0,1,1,4
17921,3,3,6,1,3,1,3,3,1,1,1,0,0,4
17922,2,2,6,1,3,1,3,3,1,0,1,0,0,1
17923,1,1,6,3,3,4,3,3,0,0,0,0,1,4
17932,6,2,1,3,3,4,3,3,0,0,0,0,1,5
17942,1,1,2,2,3,1,3,3,0,0,0,0,1,1
17946,2,2,2,1,3,2,6,3,1,0,1,1,1,4
17950,6,2,2,3,3,4,3,3,0,0,0,1,1,2
17956,3,3,6,1,3,1,3,3,1,0,1,0,0,3
17961,2,2,2,1,3,4,3,3,1,0,0,0,0,4
17967,1,7,6,3,3,3,3,1,0,0,0,1,1,5
17971,6,4,1,3,3,4,1,1,0,0,0,1,1,1
17976,1,6,2,2,3,1,3,3,0,0,1,1,0,4
17978,6,14,6,3,3,4,3,3,0,0,0,1,0,3
17998,1,1,2,2,3,1,2,3,0,0,0,1,0,3
18000,3,3,6,1,3,1,3,3,1,1,1,0,0,2
18003,1,6,1,2,3,1,3,3,0,0,0,0,1,5
18009,2,3,2,2,3,1,3,3,0,0,0,1,0,1
18011,3,3,1,1,3,2,3,2,0,0,0,1,1,3
18013,6,2,2,3,3,4,3,3,0,0,0,0,1,2
18047,1,5,3,3,3,4,3,3,0,0,0,1,1,4
18054,6,8,1,3,3,4,1,1,0,0,1,1,0,4
18056,2,3,6,1,3,1,3,3,1,0,0,0,0,1
18059,3,3,6,1,3,1,1,3,1,0,0,1,0,4
18072,6,2,6,3,3,4,3,3,0,0,1,1,0,2
18088,6,10,6,3,3,4,3,3,1,1,1,1,1,5
18117,3,3,6,1,3,1,5,3,1,0,0,0,0,2
18120,2,2,6,1,3,1,3,3,1,1,1,1,0,5
18123,1,1,6,1,3,2,3,3,1,0,0,0,0,2
18130,6,4,6,3,3,4,3,3,0,0,0,1,1,5
18143,6,2,1,3,3,4,3,3,0,0,0,1,1,3
18148,2,2,7,1,3,1,6,3,0,0,0,1,1,1
18157,1,5,2,3,3,4,3,3,0,0,0,0,1,2
18159,3,3,6,1,3,2,3,3,1,1,0,0,0,5
18165,3,3,6,1,3,1,5,3,1,1,0,0,0,5
18182,2,5,6,1,3,1,3,3,1,0,0,1,0,3
18196,6,4,6,3,3,4,1,1,0,0,0,1,1,5
18203,6,8,1,3,3,4,1,1,0,0,0,1,1,1
18204,2,1,6,1,3,2,3,1,1,0,0,1,0,4
18207,6,4,2,3,3,4,3,3,0,0,0,1,1,1
18213,3,3,6,1,3,2,4,3,0,0,1,1,0,2
18221,3,3,6,2,3,1,1,3,0,0,1,1,1,4
18222,1,6,2,3,3,4,3,3,0,0,0,1,1,4
18244,6,4,6,3,3,4,1,3,0,0,0,1,1,2
18250,1,5,4,3,3,4,6,3,0,0,0,1,1,4
18255,2,4,2,2,3,1,3,3,0,0,0,0,1,2
18266,6,2,1,3,3,4,3,3,0,0,1,1,1,2
18268,1,6,2,2,3,1,3,3,0,0,1,0,1,4
18277,6,2,6,3,3,4,3,1,0,0,0,1,1,3
18281,1,6,3,2,3,1,3,3,0,0,0,1,1,4
18289,6,4,6,3,3,4,1,1,0,0,0,1,1,4
18293,3,3,6,1,3,2,3,3,0,0,0,1,0,2
18310,6,7,6,3,3,4,3,3,1,0,0,1,1,4
18321,1,6,6,1,3,2,3,3,1,0,1,0,0,3
18328,6,2,6,3,3,4,3,1,0,0,0,1,1,3
18339,6,6,6,3,3,4,3,2,1,0,0,0,0,3
18352,3,3,2,1,3,1,3,3,1,0,0,0,0,5
18365,1,6,3,2,3,1,3,3,0,0,0,1,1,5
18367,1,6,3,2,3,1,3,3,0,0,0,1,0,3
18368,3,3,2,1,3,1,3,3,0,0,1,1,0,3
18378,1,6,2,2,3,1,3,3,0,0,0,1,1,4
18379,1,7,1,1,3,1,1,3,0,0,0,1,0,2
18381,3,4,6,1,3,2,3,3,1,1,0,0,0,4
18393,2,2,6,1,3,4,2,2,1,0,1,0,0,5
18394,1,5,2,3,3,4,3,3,0,0,1,0,0,2
18424,1,7,2,3,3,2,3,3,0,0,0,1,1,4
18434,1,1,4,1,3,1,3,3,0,1,0,0,0,1
18442,2,3,6,1,3,2,3,3,1,0,1,0,0,5
18450,3,3,1,1,3,2,3,3,1,0,1,1,1,1
18454,1,5,6,1,3,1,1,3,0,0,0,0,1,1
18456,1,1,2,1,3,2,2,3,0,0,0,0,1,4
18466,1,6,2,2,3,1,3,3,0,0,0,1,1,5
18470,2,5,2,2,3,1,3,3,0,0,1,1,1,4
18481,1,5,2,3,3,4,3,2,1,0,0,0,0,1
18507,6,10,6,3,3,4,1,3,1,1,0,1,1,4
18510,6,3,6,3,3,4,4,1,1,0,0,0,0,1
18512,6,4,6,3,3,4,1,3,0,0,0,1,1,2
18519,6,2,1,3,3,4,3,3,0,0,0,0,1,1
18520,1,7,6,2,2,1,3,3,0,0,0,1,1,3
18530,3,3,6,1,3,2,4,3,1,1,1,0,0,1
18533,1,6,2,3,3,4,3,3,0,0,0,0,1,3
18546,6,3,1,3,3,4,3,1,0,0,0,1,0,4
18549,3,3,6,1,3,1,3,3,1,0,0,0,0,1
18554,6,2,2,3,3,4,2,3,0,0,0,1,1,2
18557,2,2,3,1,3,4,6,2,1,0,0,1,0,1
18570,1,5,2,2,3,1,3,3,0,0,1,1,1,3
18587,2,1,6,1,3,1,5,3,1,1,0,0,0,4
18588,3,6,3,2,3,1,3,2,0,0,0,1,1,4
18603,2,5,3,2,3,2,3,3,1,0,0,0,0,1
18610,3,3,1,1,3,2,3,3,1,1,0,0,0,3
18621,1,1,1,1,3,4,2,2,0,0,0,0,1,3
18622,6,2,1,3,3,4,3,3,0,0,0,0,1,2
18626,3,4,6,1,3,2,3,3,1,0,0,1,0,5
18629,1,6,3,2,3,1,3,3,0,0,0,1,1,3
18636,6,8,6,3,3,4,1,3,0,0,0,0,1,5
18641,3,3,6,1,3,1,3,3,1,0,0,0,0,5
18667,3,3,4,1,3,2,3,3,1,0,0,1,0,2
18669,1,8,6,1,3,1,6,3,1,0,1,1,0,5
18672,6,2,3,3,3,4,3,1,0,0,0,1,1,3
18684,1,5,6,3,3,4,3,3,0,0,0,0,1,1
18701,2,1,6,1,3,2,3,3,1,0,0,0,0,2
18706,1,6,6,2,3,1,3,3,0,0,0,0,1,2
18714,6,8,6,3,3,4,4,1,0,0,0,1,0,2
18716,6,7,6,3,3,4,3,3,0,0,1,1,1,2
18718,2,3,6,2,3,1,3,3,0,0,0,0,1,1
18719,6,8,6,3,3,4,1,3,1,1,0,1,1,4
18724,1,6,6,1,3,1,5,3,0,0,0,1,0,2
18733,3,6,4,1,3,2,2,3,1,0,0,0,0,3
18736,3,3,6,1,3,2,3,3,1,1,1,1,0,3
18743,6,8,2,3,3,4,1,3,0,0,1,0,0,1
18751,6,9,7,3,3,4,1,1,0,0,0,1,0,3
18752,1,1,6,3,3,1,3,3,0,0,0,1,1,2
18772,1,6,6,1,3,4,5,2,1,0,1,0,0,5
18774,6,2,1,3,3,4,3,3,0,0,1,1,1,4
18782,6,4,6,3,3,4,3,3,0,0,0,1,1,2
18797,6,6,6,3,3,4,3,3,1,1,0,1,1,4
18802,3,3,6,3,3,1,5,3,0,0,0,1,1,4
18803,1,7,1,3,3,1,3,3,0,0,0,1,1,5
18820,2,5,6,1,3,4,6,3,1,1,0,0,0,2
18831,2,3,2,1,3,1,3,3,1,0,1,1,0,2
18836,1,5,6,3,3,1,3,3,0,0,0,1,0,2
18842,3,3,6,1,3,2,3,3,0,0,0,1,1,3
18852,6,10,6,3,3,4,3,3,1,0,1,1,1,5
18863,2,3,3,1,3,1,3,3,1,0,1,1,1,2
18866,6,6,6,3,3,4,6,3,0,0,0,1,0,2
18878,6,2,1,3,3,4,3,3,0,0,0,1,1,4
18889,2,1,5,3,3,2,2,3,0,0,0,1,1,4
18892,2,2,6,1,3,2,5,3,0,0,0,1,0,3
18893,6,3,6,3,3,4,3,1,1,0,1,1,1,4
18905,6,2,7,3,3,4,3,2,0,0,0,1,1,3
18907,6,5,6,3,3,4,3,3,1,1,0,1,1,3
18911,6,3,6,3,3,4,3,1,1,0,0,1,1,4
18914,2,2,6,1,3,2,6,3,0,0,1,1,0,1
18929,3,3,6,1,3,4,4,3,0,0,0,1,1,1
18933,6,4,6,3,3,4,3,3,0,0,1,1,1,5
18937,3,6,2,3,3,1,3,2,0,0,0,1,1,2
18941,6,2,6,3,3,4,1,3,0,0,0,1,1,5
18944,2,5,6,1,3,1,6,3,0,0,0,1,0,3
18961,3,3,6,1,3,1,3,3,0,0,0,1,0,3
18970,6,2,6,3,3,4,3,3,0,0,1,1,1,1
18992,1,1,4,1,3,1,6,2,0,0,0,0,1,4
19019,6,10,6,3,3,4,1,3,1,1,1,1,1,2
19020,1,6,6,2,3,1,3,3,0,0,0,1,1,3
19023,3,4,6,1,3,1,3,3,1,1,0,0,0,3
19043,3,3,6,1,3,1,5,3,1,1,0,0,0,1
19057,6,2,6,3,3,4,6,1,0,0,0,0,1,4
19065,2,3,3,1,3,1,3,3,1,0,0,1,1,5
19072,2,2,6,1,3,2,6,3,1,1,0,0,0,4
19073,1,1,1,1,3,1,3,3,0,0,0,1,0,3
19075,6,2,6,3,3,4,4,3,0,0,0,1,1,4
19078,1,6,3,2,3,1,3,3,0,0,0,1,1,3
19087,6,4,2,3,3,4,3,3,0,0,0,1,1,2
19097,3,3,6,3,3,4,4,3,0,0,0,1,1,2
19099,1,5,2,3,3,4,3,3,0,0,0,1,1,4
19106,3,6,6,1,3,4,6,3,1,0,0,0,0,2
19112,2,5,6,1,3,1,6,3,1,0,1,1,0,5
19145,6,10,6,3,3,4,3,3,1,1,0,1,0,5
19149,3,3,1,1,3,1,3,3,1,0,0,1,1,2
19156,1,1,6,1,3,1,3,3,0,0,0,0,1,1
19157,1,6,2,2,3,1,3,3,0,0,0,0,1,1
19164,1,6,3,2,3,1,3,3,0,0,1,0,0,1
19168,1,6,3,2,3,1,3,3,0,0,0,1,1,4
19171,3,3,6,1,3,2,3,3,1,1,1,1,0,4
19179,6,4,6,3,3,4,3,3,0,0,1,1,1,3
19183,1,1,6,2,3,1,3,3,0,0,1,1,1,1
19188,1,6,2,3,3,1,3,3,0,0,0,0,1,2
19196,3,2,6,1,3,1,3,3,0,1,0,0,0,4
19200,1,5,6,3,3,1,3,3,0,0,0,1,1,4
19215,6,2,6,3,3,4,4,1,0,0,0,1,1,4
19219,1,6,3,2,3,1,3,3,1,0,1,1,0,3
19220,6,8,6,3,3,4,1,3,0,0,0,1,1,4
19223,1,1,6,2,3,1,3,3,0,0,0,0,1,2
19229,3,3,6,1,3,1,5,3,1,0,1,0,0,4
19233,6,4,1,3,3,4,3,1,0,0,0,1,1,2
19243,3,3,6,1,3,2,4,3,1,1,0,0,0,4
19264,1,6,2,1,3,1,3,2,0,0,0,1,0,4
19296,6,2,1,3,3,4,3,3,0,0,1,1,1,2
19300,1,5,2,3,3,1,3,3,0,0,0,1,1,5
19301,1,6,6,1,3,2,4,3,1,1,1,1,0,5
19302,1,5,6,3,3,4,3,3,0,0,0,1,1,3
19313,3,3,6,1,3,2,3,3,1,0,0,0,0,3
19314,2,2,6,1,3,1,6,3,1,1,1,1,0,5
19316,1,7,4,1,3,1,6,3,0,0,0,1,1,3
19324,6,8,6,3,3,4,1,3,1,1,1,1,1,5
19327,1,6,3,1,3,4,3,3,0,0,0,1,1,2
19340,6,4,6,3,3,4,1,3,0,0,0,1,1,4
19345,6,5,6,3,3,4,3,3,1,0,0,1,1,2
19350,6,2,4,3,3,4,1,1,0,0,0,0,1,5
19367,1,1,6,3,3,1,2,3,0,0,0,1,1,5
19368,1,6,2,3,3,1,3,3,0,0,0,1,1,2
19377,3,3,6,1,3,1,1,3,1,0,0,0,0,3
19383,2,1,6,1,3,2,3,3,1,1,1,0,0,3
19389,2,4,2,1,3,1,3,3,1,0,0,1,0,4
19400,6,2,6,3,1,4,3,1,0,0,0,1,1,3
19402,1,5,2,2,3,1,3,3,0,0,0,1,1,4
19404,1,6,2,1,3,1,3,1,0,0,0,0,1,1
19405,6,2,3,3,3,4,3,3,0,0,0,1,1,4
19413,2,2,6,1,3,4,3,3,0,0,0,1,0,4
19414,3,3,6,1,3,2,4,3,1,1,1,1,0,4
19417,6,2,1,3,3,4,3,2,0,0,0,1,1,3
19419,1,6,6,1,3,1,3,3,0,1,0,0,0,1
19425,3,3,6,1,3,2,4,3,0,0,0,1,0,2
19431,1,1,2,1,3,2,2,3,0,0,1,1,1,2
19432,6,4,3,3,3,4,3,3,0,0,0,1,1,1
19439,1,5,2,2,3,1,3,3,0,0,0,1,1,1
19442,1,6,6,2,3,2,3,3,0,0,0,1,1,1
19455,3,3,6,1,3,2,4,3,1,1,0,0,0,4
19460,6,8,1,3,3,4,1,1,0,0,1,0,0,2
19463,1,6,6,2,3,1,3,3,0,0,0,1,1,4
19470,1,5,1,3,3,4,3,3,0,0,0,1,1,4
19473,3,3,6,1,3,2,4,3,1,1,0,1,0,5
19482,6,2,6,3,3,4,3,1,0,0,0,1,1,3
19488,6,6,6,3,3,4,3,3,1,0,0,0,0,3
19498,1,6,6,2,3,1,3,3,0,0,0,1,1,4
19508,2,3,2,1,3,1,3,3,1,0,0,1,0,5
19519,3,3,6,1,3,1,5,3,1,0,1,0,0,3
19521,2,2,2,1,3,2,6,3,1,1,1,0,0,2
19526,6,4,6,3,3,4,3,3,0,0,0,1,1,4
19530,6,2,6,3,3,4,1,1,0,0,0,1,1,2
19542,1,6,2,2,3,1,3,3,0,0,1,0,0,2
19544,3,3,6,1,3,1,5,3,1,1,0,0,0,4
19547,2,5,1,1,3,1,3,3,0,0,0,1,0,1
19555,2,2,6,1,3,2,6,3,1,0,1,1,0,3
19558,6,3,6,3,3,4,3,1,1,0,0,1,1,2
19562,1,1,6,1,3,1,2,3,0,0,0,1,1,4
19563,1,6,3,2,3,1,3,3,0,0,0,0,1,1
19572,1,6,1,1,3,4,3,2,0,0,0,1,0,3
19573,1,6,2,2,3,2,3,3,0,0,0,1,1,5
19574,6,4,1,3,3,4,3,3,0,0,0,1,1,3
19578,6,2,2,3,3,4,3,3,0,0,0,1,1,5
19580,2,1,6,1,3,2,3,3,0,0,0,1,0,2
19585,6,5,6,3,3,4,3,3,1,0,0,0,0,1
19590,3,6,3,1,3,1,6,2,1,0,1,0,0,3
19598,6,8,6,3,3,4,1,3,1,1,1,1,1,4
19599,3,3,6,1,3,1,4,3,1,1,0,1,0,5
19608,6,2,4,3,3,4,6,1,1,0,0,0,1,2
19612,1,4,3,1,3,1,3,3,1,0,0,1,0,4
19614,2,1,6,1,3,1,3,3,1,1,1,0,0,2
19615,2,5,6,2,3,1,3,3,0,0,0,1,0,2
19623,3,3,6,1,3,1,4,3,1,1,1,1,0,4
19673,1,1,2,2,3,1,3,3,0,0,0,0,1,1
19677,6,1,6,3,3,4,1,3,0,0,0,0,1,1
19685,3,3,6,1,3,1,3,3,1,1,0,0,0,4
19692,3,4,6,1,3,1,3,3,1,1,1,0,0,5
19699,1,7,1,3,3,4,3,3,0,0,1,1,1,1
19705,6,4,6,3,3,4,3,1,0,0,0,1,1,5
19713,6,2,6,3,3,4,3,3,0,0,0,1,0,4
19715,1,5,6,3,3,4,3,3,0,0,0,1,1,4
19722,2,5,3,1,3,1,6,3,1,0,0,1,0,4
19729,6,2,1,3,3,4,3,3,0,0,0,1,1,4
19734,2,5,6,3,3,1,6,3,1,0,0,0,0,3
19747,1,6,2,1,3,1,3,3,0,0,1,1,1,5
19748,1,7,6,3,3,1,3,2,0,0,0,1,1,5
19750,1,6,2,3,3,1,3,3,0,0,0,1,1,3
19753,3,3,1,1,3,2,2,2,0,0,0,1,1,2
19755,6,4,2,3,3,4,3,3,0,0,1,1,1,4
19757,1,7,7,3,3,1,3,3,0,0,0,1,1,2
19758,6,4,6,3,3,4,1,3,1,0,0,0,1,4
19759,2,2,6,2,3,2,3,3,1,0,1,0,0,3
19766,1,5,2,3,3,4,3,3,0,0,0,1,1,3
19811,1,7,6,1,3,4,6,3,1,0,0,0,0,5
19823,6,8,6,3,3,4,1,1,0,0,1,1,0,4
19825,3,3,6,1,3,1,4,3,1,0,0,1,0,4
19828,3,6,1,3,3,4,2,2,0,0,0,1,1,2
19830,1,6,2,2,3,1,3,3,0,0,0,1,1,2
19831,6,8,6,3,3,4,1,1,0,0,0,0,1,4
19832,1,5,6,3,3,4,3,3,0,0,0,1,1,5
19866,1,6,3,1,3,1,2,3,1,0,0,0,0,1
19884,2,5,2,1,3,1,6,3,1,1,0,0,0,3
19893,1,5,6,3,3,1,3,2,0,0,1,1,1,4
19912,2,5,2,2,3,1,3,3,0,0,0,0,1,2
19919,3,3,6,1,3,1,3,3,1,1,1,0,0,4
19922,1,1,2,1,3,2,3,3,0,0,0,1,1,1
19925,6,4,2,3,3,4,3,3,0,0,0,1,1,3
19940,2,1,6,1,3,2,6,3,1,0,1,0,0,3
19948,1,1,3,3,3,1,3,3,0,0,0,1,1,3
19950,2,2,1,1,3,4,3,3,0,0,0,1,0,3
19967,2,5,3,1,3,1,6,3,1,1,1,1,0,4
19970,6,4,2,3,3,4,3,3,0,0,0,1,1,2
19987,2,5,6,1,3,1,6,3,1,1,0,0,0,4
19988,6,2,6,3,3,4,3,3,0,0,0,1,1,5
19990,1,5,4,3,3,4,6,3,0,0,0,0,1,3
19992,1,5,6,3,3,4,3,3,0,0,0,0,1,3
19994,1,6,3,2,3,2,3,3,0,0,1,1,1,4
19998,1,7,6,3,3,1,3,1,0,0,0,1,1,4
20002,4,1,6,0,0,0,6,2,0,0,0,1,1,3
20003,4,2,6,0,0,0,0,2,0,0,0,1,1,3
20004,4,3,6,0,0,0,0,2,0,0,0,0,1,2
20005,4,2,7,0,0,0,0,2,0,0,0,1,1,4
20006,4,4,6,0,0,0,5,0,1,1,0,0,0,3
20007,4,5,0,0,0,0,6,1,1,1,0,0,0,4
20008,4,6,0,0,0,0,6,1,1,1,0,0,0,4
20009,4,7,0,0,0,0,5,2,1,0,0,1,0,2
20010,4,7,0,0,0,0,5,2,1,0,0,1,0,2
20011,4,8,0,0,0,0,5,1,0,0,0,1,1,4
20012,4,9,6,0,0,0,6,1,1,1,0,0,0,4
20013,4,10,0,0,0,0,0,1,1,0,0,1,1,2
20027,5,1,6,0,0,0,4,3,1,0,1,1,1,5
20028,5,2,6,0,0,0,4,3,1,0,1,1,1,5
20029,5,3,6,0,0,0,0,2,1,1,0,0,0,3
20030,5,4,6,0,0,0,4,1,1,1,1,0,0,4
20031,5,5,0,0,0,0,4,1,0,0,0,1,1,2
20032,5,6,6,0,0,0,0,2,0,0,1,1,1,3
20033,5,7,6,0,0,0,0,1,1,0,0,1,1,3
20034,5,8,6,0,0,0,0,1,1,0,0,1,1,3
20035,5,8,6,0,0,0,0,1,1,0,0,1,1,3
20036,5,9,0,0,0,0,4,1,1,0,0,1,1,3
20037,5,9,0,0,0,0,4,0,1,0,0,1,1,3
20038,5,10,0,0,0,0,4,3,1,0,0,1,1,2
20039,5,11,0,0,0,0,4,3,1,0,0,1,1,5
